,User,Date,Tweet,Tweets Ago,Positive,Negative,Neutral,Compound
0,BBC,Wed Jan 10 19:30:07 +0000 2018,You can count on @BBCComedy's Tracey Ullman for a satirical take on current affairs‚Ä¶ https://t.co/Tobb25eWjx,1,0.0,1.0,0.0,0.0
1,BBC,Wed Jan 10 19:20:39 +0000 2018,"RT @BBCNews: How polluted is your street? üò∑

Find out: https://t.co/MW9r2UMufj https://t.co/68AJfgg8rA",2,0.0,0.769,0.231,-0.4588
2,BBC,Wed Jan 10 19:20:03 +0000 2018,RT @bbcthree: This is what happens when you breathe in polluted air. https://t.co/XZlWu2bQjD,3,0.0,0.8,0.2,-0.4588
3,BBC,Wed Jan 10 19:00:03 +0000 2018,"üòÇ @OfficialTLC's Scrubs is great song for the ladies... 

Not so great for the unemployed male.  

#LiveAtTheApollo https://t.co/7UAURqwqIx",4,0.353,0.647,0.0,0.8481
4,BBC,Wed Jan 10 18:32:03 +0000 2018,How much of your home's electricity bill goes on making cups of tea or  washing your clothes? Take this quiz to fin‚Ä¶ https://t.co/pj3i1cRZaL,5,0.0,1.0,0.0,0.0
5,BBC,Wed Jan 10 18:03:03 +0000 2018,"Tonight, @CherryHealey teams up with independent scientists to put everyday cosmetics to the test. üíÑüî¨ 

The Truth A‚Ä¶ https://t.co/eVsmvaYTgZ",6,0.113,0.887,0.0,0.3182
6,BBC,Wed Jan 10 17:30:07 +0000 2018,"To save Teresa‚Äôs life, doctors are going to have to remove part of her face.

(Warning: This video contains graphic‚Ä¶ https://t.co/oXdQv5ABqa",7,0.138,0.862,0.0,0.4939
7,BBC,Wed Jan 10 17:02:03 +0000 2018,Why does adolescence last twice as long now as it did in the 1950s? ü§î https://t.co/q3gMvr3mqU https://t.co/X5F9a925ET,8,0.0,1.0,0.0,0.0
8,BBC,Wed Jan 10 16:22:04 +0000 2018,Snow has fallen in the Sahara desert. ‚ùÑÔ∏è https://t.co/804PRapagA https://t.co/RXHi6AdCHb,9,0.0,0.783,0.217,-0.3612
9,BBC,Wed Jan 10 15:30:06 +0000 2018,Researchers have published a study revealing that dogs can be trained to smell cancer. üê∂ https://t.co/9mP5kjg6CZ https://t.co/yb7luqCMSp,10,0.0,0.761,0.239,-0.6597
10,BBC,Wed Jan 10 15:06:03 +0000 2018,These @BBCWthrWatchers photos capture what the weather has looked like across the UK lately. üåß‚ùÑÔ∏èüå•üåà‚Ä¶ https://t.co/RXyER0dCkD,11,0.143,0.857,0.0,0.3612
11,BBC,Wed Jan 10 14:33:02 +0000 2018,The 5p charge for plastic bags in large shops in England could be extended to cover nearly all retailers. üõç‚Ä¶ https://t.co/nAgVcPMW7h,12,0.0,1.0,0.0,0.0
12,BBC,Wed Jan 10 14:03:04 +0000 2018,Nothing depicts the mindset of a time period quite like a living room.üö™Here's how the room has evolved over time. üëâ‚Ä¶ https://t.co/YS1jycfIZG,13,0.128,0.872,0.0,0.4201
13,BBC,Wed Jan 10 13:37:04 +0000 2018,"The International Space Station is humanity‚Äôs most expensive structure, but it could vanish in six years. üöÄüåí‚Ä¶ https://t.co/cE7BhlzxQP",14,0.0,1.0,0.0,0.0
14,BBC,Wed Jan 10 13:02:01 +0000 2018,Think you're a bigger football fan than this guy? ‚ù§Ô∏èÔ∏èÔ∏è‚öΩÔ∏è https://t.co/nwkebUvYmb,15,0.204,0.796,0.0,0.3182
15,BBC,Wed Jan 10 12:53:52 +0000 2018,"RT @bbcthesocial: | @ShadyLawrence will blow your mind with this transformation! 

#TransformationTuesday https://t.co/eEFtUlYBTD",16,0.0,1.0,0.0,0.0
16,BBC,Wed Jan 10 12:29:40 +0000 2018,"RT @BBCOne: üêæ Black-footed cats are Africa‚Äôs smallest cat, and the deadliest of the entire cat family. Anything that moves is a potential m‚Ä¶",17,0.0,1.0,0.0,0.0
17,BBC,Wed Jan 10 12:29:17 +0000 2018,"RT @TWBBC: Four of the biggest global health stories to follow in 2018:

1. The world's first malaria vaccine
2. Yemen on the brink of fami‚Ä¶",18,0.0,1.0,0.0,0.0
18,BBC,Wed Jan 10 12:25:16 +0000 2018,"üêã‚ù§Ô∏èÔ∏è Could this be the first case on record of a humpback protecting a human?

Via @BBCNews https://t.co/78l0AKNbxB",19,0.0,1.0,0.0,0.0
19,BBC,Wed Jan 10 11:57:36 +0000 2018,"RT @BBCRadio2: üìª ANNOUNCEMENT üìª
We have a brand new schedule coming to Radio 2 this spring, featuring @jowhiley @simonmayo @sarajcox @djgar‚Ä¶",20,0.0,1.0,0.0,0.0
20,BBC,Wed Jan 10 19:30:07 +0000 2018,You can count on @BBCComedy's Tracey Ullman for a satirical take on current affairs‚Ä¶ https://t.co/Tobb25eWjx,21,0.0,1.0,0.0,0.0
21,BBC,Wed Jan 10 19:20:39 +0000 2018,"RT @BBCNews: How polluted is your street? üò∑

Find out: https://t.co/MW9r2UMufj https://t.co/68AJfgg8rA",22,0.0,0.769,0.231,-0.4588
22,BBC,Wed Jan 10 19:20:03 +0000 2018,RT @bbcthree: This is what happens when you breathe in polluted air. https://t.co/XZlWu2bQjD,23,0.0,0.8,0.2,-0.4588
23,BBC,Wed Jan 10 19:00:03 +0000 2018,"üòÇ @OfficialTLC's Scrubs is great song for the ladies... 

Not so great for the unemployed male.  

#LiveAtTheApollo https://t.co/7UAURqwqIx",24,0.353,0.647,0.0,0.8481
24,BBC,Wed Jan 10 18:32:03 +0000 2018,How much of your home's electricity bill goes on making cups of tea or  washing your clothes? Take this quiz to fin‚Ä¶ https://t.co/pj3i1cRZaL,25,0.0,1.0,0.0,0.0
25,BBC,Wed Jan 10 18:03:03 +0000 2018,"Tonight, @CherryHealey teams up with independent scientists to put everyday cosmetics to the test. üíÑüî¨ 

The Truth A‚Ä¶ https://t.co/eVsmvaYTgZ",26,0.113,0.887,0.0,0.3182
26,BBC,Wed Jan 10 17:30:07 +0000 2018,"To save Teresa‚Äôs life, doctors are going to have to remove part of her face.

(Warning: This video contains graphic‚Ä¶ https://t.co/oXdQv5ABqa",27,0.138,0.862,0.0,0.4939
27,BBC,Wed Jan 10 17:02:03 +0000 2018,Why does adolescence last twice as long now as it did in the 1950s? ü§î https://t.co/q3gMvr3mqU https://t.co/X5F9a925ET,28,0.0,1.0,0.0,0.0
28,BBC,Wed Jan 10 16:22:04 +0000 2018,Snow has fallen in the Sahara desert. ‚ùÑÔ∏è https://t.co/804PRapagA https://t.co/RXHi6AdCHb,29,0.0,0.783,0.217,-0.3612
29,BBC,Wed Jan 10 15:30:06 +0000 2018,Researchers have published a study revealing that dogs can be trained to smell cancer. üê∂ https://t.co/9mP5kjg6CZ https://t.co/yb7luqCMSp,30,0.0,0.761,0.239,-0.6597
30,BBC,Wed Jan 10 15:06:03 +0000 2018,These @BBCWthrWatchers photos capture what the weather has looked like across the UK lately. üåß‚ùÑÔ∏èüå•üåà‚Ä¶ https://t.co/RXyER0dCkD,31,0.143,0.857,0.0,0.3612
31,BBC,Wed Jan 10 14:33:02 +0000 2018,The 5p charge for plastic bags in large shops in England could be extended to cover nearly all retailers. üõç‚Ä¶ https://t.co/nAgVcPMW7h,32,0.0,1.0,0.0,0.0
32,BBC,Wed Jan 10 14:03:04 +0000 2018,Nothing depicts the mindset of a time period quite like a living room.üö™Here's how the room has evolved over time. üëâ‚Ä¶ https://t.co/YS1jycfIZG,33,0.128,0.872,0.0,0.4201
33,BBC,Wed Jan 10 13:37:04 +0000 2018,"The International Space Station is humanity‚Äôs most expensive structure, but it could vanish in six years. üöÄüåí‚Ä¶ https://t.co/cE7BhlzxQP",34,0.0,1.0,0.0,0.0
34,BBC,Wed Jan 10 13:02:01 +0000 2018,Think you're a bigger football fan than this guy? ‚ù§Ô∏èÔ∏èÔ∏è‚öΩÔ∏è https://t.co/nwkebUvYmb,35,0.204,0.796,0.0,0.3182
35,BBC,Wed Jan 10 12:53:52 +0000 2018,"RT @bbcthesocial: | @ShadyLawrence will blow your mind with this transformation! 

#TransformationTuesday https://t.co/eEFtUlYBTD",36,0.0,1.0,0.0,0.0
36,BBC,Wed Jan 10 12:29:40 +0000 2018,"RT @BBCOne: üêæ Black-footed cats are Africa‚Äôs smallest cat, and the deadliest of the entire cat family. Anything that moves is a potential m‚Ä¶",37,0.0,1.0,0.0,0.0
37,BBC,Wed Jan 10 12:29:17 +0000 2018,"RT @TWBBC: Four of the biggest global health stories to follow in 2018:

1. The world's first malaria vaccine
2. Yemen on the brink of fami‚Ä¶",38,0.0,1.0,0.0,0.0
38,BBC,Wed Jan 10 12:25:16 +0000 2018,"üêã‚ù§Ô∏èÔ∏è Could this be the first case on record of a humpback protecting a human?

Via @BBCNews https://t.co/78l0AKNbxB",39,0.0,1.0,0.0,0.0
39,BBC,Wed Jan 10 11:57:36 +0000 2018,"RT @BBCRadio2: üìª ANNOUNCEMENT üìª
We have a brand new schedule coming to Radio 2 this spring, featuring @jowhiley @simonmayo @sarajcox @djgar‚Ä¶",40,0.0,1.0,0.0,0.0
40,BBC,Wed Jan 10 11:54:10 +0000 2018,"üöÄ‚ú® David Bowie changed music forever. 

Throughout his career, he reinvented not just his sound but his persona ove‚Ä¶ https://t.co/Io65zVu3xV",41,0.0,1.0,0.0,0.0
41,BBC,Wed Jan 10 11:43:03 +0000 2018,"Next time you're tempted to write 'clean me' on the back of a dirty van, why not think bigger? üöö üé®‚Ä¶ https://t.co/Wb8EextaUh",42,0.114,0.763,0.123,-0.0516
42,BBC,Wed Jan 10 11:19:38 +0000 2018,"The teen tipped to be the next Lewis Hamilton, who lost both his lower legs in a horrific racing accident last year‚Ä¶ https://t.co/Ps7Tnocel2",43,0.0,0.6,0.4,-0.9001
43,BBC,Wed Jan 10 10:17:36 +0000 2018,"RT @BBCNewsAsia: Japanese astronaut, who 'grew 9cm in space', says he made a 'measuring mistake': https://t.co/sV3I8aOFz6 https://t.co/aOel‚Ä¶",44,0.0,1.0,0.0,0.0
44,BBC,Wed Jan 10 10:01:59 +0000 2018,"RT @BBCOne: OK, we're officially excited! David Oyelowo, @LilyCollins and @DominicWest will star in an epic six-part drama adaptation of #L‚Ä¶",45,0.228,0.772,0.0,0.6833
45,BBC,Wed Jan 10 09:42:05 +0000 2018,RT @bbcworldservice: From royal palace to sanctuary for the LGBTQ community: meet India's first openly gay prince who is opening his doors‚Ä¶,46,0.0,1.0,0.0,0.0
46,BBC,Wed Jan 10 09:32:19 +0000 2018,"RT @bbcmusic: ‚ÄúI don't know where I'm going from here, but I promise it won't be boring‚Äù - David Bowie speaking in 1997

2 years today sinc‚Ä¶",47,0.114,0.886,0.0,0.4497
47,BBC,Wed Jan 10 09:02:03 +0000 2018,A tale of survival and deep love: the Tattooist of Auschwitz who met his wife in a concentration camp.‚Ä¶ https://t.co/r53TwrPRGh,48,0.198,0.802,0.0,0.6369
48,BBC,Wed Jan 10 08:52:21 +0000 2018,"RT @bbcgetinspired: It's as easy as going down your local park. 

@AdeleRoberts's health hacks are SO simple anyone can do them! üëç #GetInsp‚Ä¶",49,0.132,0.868,0.0,0.4926
49,BBC,Wed Jan 10 08:49:22 +0000 2018,RT @BBCiPlayer: Not watched Peaky Blinders yet? What have you been doing? #Peakyblinders #iplayerit https://t.co/DIxmRSiDU0,50,0.0,1.0,0.0,0.0
50,BBC,Wed Jan 10 08:43:21 +0000 2018,"First there was raw food, then raw milk... now there's a new fad - raw water, and some start-ups are charging up to‚Ä¶ https://t.co/2zPQSsOLc9",51,0.083,0.917,0.0,0.2263
51,BBC,Wed Jan 10 08:20:03 +0000 2018,This new anthology dedicated to black female photographers is believed to be the first collection of its kind for 3‚Ä¶ https://t.co/E3xbuDDNrN,52,0.252,0.748,0.0,0.7506
52,BBC,Wed Jan 10 08:00:05 +0000 2018,"'I fell in love with a sperm donor I met on Craigslist.'

#EmmaBarnettShow https://t.co/9C48CTI4lF",53,0.276,0.724,0.0,0.6369
53,BBC,Wed Jan 10 07:38:04 +0000 2018,Some practical advice on how to work out at home (without equipment). üí™ https://t.co/pxZ6RiJFtr https://t.co/zRcyYERwE8,54,0.0,1.0,0.0,0.0
54,BBC,Tue Jan 09 20:12:54 +0000 2018,"RT @BBCBreakfast: Make sure you 'paws' for this one!

Tomorrow we're speaking to the series producer of BBC One's new documentary Big Cats‚Ä¶",55,0.105,0.895,0.0,0.3802
55,BBC,Tue Jan 09 20:10:56 +0000 2018,RT @1Xtra: So @iamwill and @bep are putting out a graphic novel with @Marvel and it looks lit üëÄüëÄ https://t.co/WMUvS2Jt0F,56,0.113,0.887,0.0,0.3182
56,BBC,Tue Jan 09 20:10:12 +0000 2018,RT @BBCiPlayer: Class Series 1 - watch all episodes. Boxset available until Monday #iplayerit https://t.co/k88nOUX4Wz,57,0.0,1.0,0.0,0.0
57,BBC,Tue Jan 09 20:10:00 +0000 2018,"RT @bbcthree: ""As long as I'm alive, I feel that he is alive too""

Brave children explain what it's like to have lost a parent. https://t.c‚Ä¶",58,0.343,0.586,0.071,0.8316
58,BBC,Tue Jan 09 19:55:09 +0000 2018,"A documentary series looking at the challenges facing the new Crown Prince of Saudi Arabia, Mohammed bin Salman.‚Ä¶ https://t.co/D1Isc8rgac",59,0.071,0.929,0.0,0.0772
59,BBC,Tue Jan 09 19:30:07 +0000 2018,üöÄ A Japanese astronaut living on the International Space Station says he's grown 9cm since arriving there 3 weeks a‚Ä¶ https://t.co/gYVBN1eA1c,60,0.0,1.0,0.0,0.0
60,BBC,Tue Jan 09 19:00:07 +0000 2018,"Giving up fizzy drinks in 2018? If you're dieting, that might be a good idea... üë®‚Äç‚öïÔ∏èüë©‚Äç‚öïÔ∏è 
#TrustMeImADoctor https://t.co/UPyyQw5uwi",61,0.261,0.739,0.0,0.6486
61,BBC,Tue Jan 09 18:30:12 +0000 2018,"üç≤ Soup is the ultimate budget-friendly supper. All you need are some nice vegetables, stock and a few flavourings.‚Ä¶ https://t.co/M4kyapzn4r",62,0.141,0.859,0.0,0.4215
62,BBC,Tue Jan 09 18:05:51 +0000 2018,"RT @BBCBreakfast: Coconut oil is the latest 'superfood' to be endorsed by bloggers and celebrities, yet it contains more saturated fat than‚Ä¶",63,0.087,0.913,0.0,0.25
63,BBC,Tue Jan 09 18:04:16 +0000 2018,RT @BBC_Teach: Learn about some of the world's most famous scientists (including Carl Linnaeusüëá) with our new series of 'vlog-style' parody‚Ä¶,64,0.0,1.0,0.0,0.0
64,BBC,Tue Jan 09 18:00:02 +0000 2018,"üëë The astonishing true story of the first reigning queen of England.

England's Forgotten Queen: The Life and Death‚Ä¶ https://t.co/YO0cKlCXgt",65,0.129,0.783,0.088,0.2263
65,BBC,Tue Jan 09 17:51:32 +0000 2018,RT @BBCAfrica: Snow falls in the Sahara desert https://t.co/mZlD8IKIoL https://t.co/n2M0S4UG8t,66,0.0,1.0,0.0,0.0
66,BBC,Tue Jan 09 17:30:05 +0000 2018,'Well this I think is one of the more enjoyable parts of the jo...' üòÇhttps://t.co/cQF64ofzMz,67,0.306,0.694,0.0,0.6478
67,BBC,Tue Jan 09 17:00:14 +0000 2018,A selection of the best photos from across and about Africa last week. üì∏ https://t.co/l3V3Zhdd1u https://t.co/MLNOIkiv8c,68,0.244,0.756,0.0,0.6369
68,BBC,Tue Jan 09 16:33:03 +0000 2018,Prince Harry and Meghan Markle have visited a community radio station in Brixton. üìª https://t.co/GagmLYEocM https://t.co/OEwlHAeYhy,69,0.0,1.0,0.0,0.0
69,BBC,Tue Jan 09 15:00:10 +0000 2018,The nominations for this year's Bafta Film Awards have been announced! ‚ú® üé¨ https://t.co/5yAuq8o65r https://t.co/rCkDXxxpZw,70,0.215,0.785,0.0,0.5093
70,BBC,Tue Jan 09 14:31:03 +0000 2018,üé¨üéû Films with female leads were the top three at the box office in 2017. Will Hollywood follow the money in future?‚Ä¶ https://t.co/qfLEvQs4Y0,71,0.076,0.924,0.0,0.2023
71,BBC,Tue Jan 09 14:00:07 +0000 2018,üéßüé∏ Nearly a quarter of the current UK top 40 is made up of tracks credited to more than one artist.‚Ä¶ https://t.co/waVrDMmuTy,72,0.185,0.815,0.0,0.5106
72,BBC,Tue Jan 09 13:53:31 +0000 2018,RT @BBCArchive: Blue Peter has been named the best children's TV programme by experts who have clearly never seen Button Moon. Here's Valer‚Ä¶,73,0.247,0.753,0.0,0.7845
73,BBC,Tue Jan 09 13:52:08 +0000 2018,RT @BBCWiltshire: One of Longleat's most popular residents has died. Nico was believed to be the oldest silverback gorilla in Europe ü¶ç üò¢ ht‚Ä¶,74,0.116,0.749,0.135,-0.1298
74,BBC,Tue Jan 09 13:30:05 +0000 2018,"Sporting statue shockers... 

Michael, is that you? ü§î https://t.co/GUJHPqWlmW https://t.co/2vPD9z2FES",75,0.0,1.0,0.0,0.0
75,BBC,Tue Jan 09 13:00:10 +0000 2018,Feast your mince pies on this Cockney rhyming slang quiz. üëâ https://t.co/JQaEbCQUtZ https://t.co/LpKcYHUJCN,76,0.0,1.0,0.0,0.0
76,BBC,Tue Jan 09 12:37:58 +0000 2018,"RT @bbcthree: ""Do you regret keeping him?""

And other things not to say to single parents. https://t.co/CeTGyVVwD0",77,0.0,0.851,0.149,-0.4215
77,BBC,Tue Jan 09 12:30:03 +0000 2018,"The @HairyBikers stuffed aubergines are easy enough to feed a crowd but special enough for a weekend lunch. üçÜüç¥

Ful‚Ä¶ https://t.co/aruvje4KAF",78,0.244,0.756,0.0,0.6705
78,BBC,Tue Jan 09 12:01:03 +0000 2018,Joanna Lumley is to replace Stephen Fry as host of this year's #BAFTAs. ‚ú® üåü üé¨ https://t.co/ae94Exjzfu https://t.co/ZBGk0xjfzt,79,0.0,1.0,0.0,0.0
79,BBC,Tue Jan 09 11:36:03 +0000 2018,One of the world's oldest silverback male gorillas has died at Longleat Safari Park. üíî https://t.co/lMrxmoe7kG https://t.co/HIsPtnqJr3,80,0.0,0.806,0.194,-0.5574
80,BBC,Tue Jan 09 11:13:37 +0000 2018,"'A single shower can result in 100,000 plastic particles entering the ocean.'

Why #microbeads are controversial. üëâ‚Ä¶ https://t.co/q7QcOsYT4g",81,0.0,0.904,0.096,-0.2023
81,BBC,Tue Jan 09 10:52:30 +0000 2018,"üé≠üèÜ Natalie Dormer and @LetitiaWright announce nominations for this year's #BAFTAs.

British Academy Film Awards | S‚Ä¶ https://t.co/tOeRYkiCut",82,0.158,0.842,0.0,0.4588
82,BBC,Tue Jan 09 09:00:05 +0000 2018,Do you know the answer? ü§î https://t.co/EpDXFLZv93 https://t.co/wKPZAIkHhR,83,0.0,1.0,0.0,0.0
83,BBC,Tue Jan 09 08:45:47 +0000 2018,RT @BBCWorld: Australian animals suffer through extreme heat https://t.co/JYntMzQuoX,84,0.0,0.696,0.304,-0.5423
84,BBC,Tue Jan 09 08:41:09 +0000 2018,"RT @bbcthree: ""Do you regret keeping him?""

And other things not to say to single parents. https://t.co/nEyDAacVxT",85,0.0,0.851,0.149,-0.4215
85,BBC,Tue Jan 09 08:41:02 +0000 2018,"RT @BBCOne: SO MUCH LOVE FOR THE WORLD'S SMALLEST CAT! üòç  

üêØ #BigCats, starts Thursday at 8pm on @BBCOne and @BBCiPlayer.
https://t.co/YYQ‚Ä¶",86,0.246,0.754,0.0,0.802
86,BBC,Tue Jan 09 08:40:50 +0000 2018,RT @BBCNewsEnts: Have a look at who's been nominated for the #Baftas https://t.co/OSkPgdpMAS,87,0.0,1.0,0.0,0.0
87,BBC,Tue Jan 09 08:40:02 +0000 2018,"This man has been reunited with his digital camera following a social media campaign, a year after it was swept awa‚Ä¶ https://t.co/PgZ72xbKdN",88,0.0,1.0,0.0,0.0
88,BBC,Tue Jan 09 08:39:48 +0000 2018,RT @BBCNewsEnts: #Baftas new host - Joanna Lumley! https://t.co/fXiYK7j8Dn,89,0.0,1.0,0.0,0.0
89,BBC,Tue Jan 09 08:20:04 +0000 2018,"ü¶è Between 2007-14, rhino poaching rose 9000%. The very existence of the species is threatened by organised crime.‚Ä¶ https://t.co/MM90i44O8U",90,0.0,0.85,0.15,-0.4588
90,BBC,Tue Jan 09 08:00:04 +0000 2018,More than half a million tonnes of plastic and other untreated waste is dumped into the Ganges each year. https://t.co/fqsGo3x3F9,91,0.0,0.756,0.244,-0.6705
91,BBC,Tue Jan 09 07:38:04 +0000 2018,"It's the time of year to switch your phone off, put the kettle on &amp; get between the covers - of a good book that is‚Ä¶ https://t.co/oUtgWBVBHu",92,0.108,0.892,0.0,0.4404
92,BBC,Mon Jan 08 21:29:44 +0000 2018,"RT @bbc5live: Looking for some exercise and nutrition advice? üí™

Joe Wicks, aka @thebodycoach, shares his tips on how to sustain a long ter‚Ä¶",93,0.095,0.905,0.0,0.296
93,BBC,Mon Jan 08 21:29:01 +0000 2018,"RT @bbcasiannetwork: üì° The Asian Network Future Sounds 2018 list is live! üì°
‚¨áÔ∏è Get these artists on your radar right now ‚¨áÔ∏è
@rikaldn 
@nash‚Ä¶",94,0.0,1.0,0.0,0.0
94,BBC,Mon Jan 08 21:28:07 +0000 2018,"RT @bbcthesocial: Jordan thought nobody would give him a chance after prison, but now he's training to be a chef 

#IntoIt https://t.co/GVV‚Ä¶",95,0.069,0.831,0.099,-0.1655
95,BBC,Mon Jan 08 21:27:12 +0000 2018,"RT @bbcworldservice: ""Our job as journalists is to bring the story back and to make sure that these things are not invisible."" @cmittermeie‚Ä¶",96,0.095,0.905,0.0,0.3182
96,BBC,Mon Jan 08 21:23:06 +0000 2018,RT @BBCiPlayer: üéÅ #HardSun is the new #boxset to get stuck into this week. #iplayerit https://t.co/7AEUPTrmRV https://t.co/DTxDAF4217,97,0.0,0.882,0.118,-0.25
97,BBC,Mon Jan 08 21:22:32 +0000 2018,RT @BBCWthrWatchers: Some cracking sunsets üåá in the north of the UK earlier. Cloudier conditions arriving overnight may limit the number of‚Ä¶,98,0.061,0.939,0.0,0.0772
98,BBC,Mon Jan 08 20:30:06 +0000 2018,"The #SilentWitness team are back. 

9pm | @BBCOne | https://t.co/nluMqMB9kB https://t.co/XNJzlzoti7",99,0.0,1.0,0.0,0.0
99,BBC,Mon Jan 08 20:04:03 +0000 2018,Recy Taylor: who was the woman Oprah mentioned in her #GoldenGlobes speech? https://t.co/tiynXeMmCO https://t.co/1Pw4pUEQRY,100,0.0,1.0,0.0,0.0
100,CBS,Wed Jan 10 17:15:18 +0000 2018,Hosts @7BOOMERESIASON &amp; @DanielaRuah return in Super Bowl Greatest Commercials 2018 pitting man vs. beast! Cast you‚Ä¶ https://t.co/bk8OKTblMw,1,0.344,0.656,0.0,0.8553
101,CBS,Wed Jan 10 14:44:59 +0000 2018,"Music's Biggest Night¬Æ just got bigger with epic performances by @BrunoMars with @iamcardib, @KeshaRose, @sza and m‚Ä¶ https://t.co/rCWrP6PihR",2,0.0,1.0,0.0,0.0
102,CBS,Tue Jan 09 19:30:28 +0000 2018,RT @BullCBS: Dr. #Bull's latest case could change the way Psychologists work. Don't miss tonight's new episode at 9/8c on CBS! https://t.co‚Ä¶,3,0.076,0.924,0.0,0.1867
103,CBS,Tue Jan 09 19:27:16 +0000 2018,"üé∂@Prince pushed the envelope and never settled for ordinary.

Celebrate the greatest artists in music history at Th‚Ä¶ https://t.co/GPZ9YgK1tH",4,0.317,0.683,0.0,0.836
104,CBS,Tue Jan 09 18:29:39 +0000 2018,RT @AmazingRaceCBS: This race is just getting started. Catch a new episode of The #AmazingRace tomorrow at 8/7c on CBS! https://t.co/Nab5DC‚Ä¶,5,0.0,1.0,0.0,0.0
105,CBS,Mon Jan 08 18:07:57 +0000 2018,RT @startrekcbs: #StarTrekDiscovery is back! Episode 10 is now streaming on CBS All Access: https://t.co/xPeb97Rs8J https://t.co/Uvgab7nGgS,6,0.0,1.0,0.0,0.0
106,CBS,Mon Jan 08 14:34:48 +0000 2018,"New year, new case. Watch the latest episode of #NCISLA now: https://t.co/1rAsX4EsiB https://t.co/QzRZcORK9r",7,0.0,1.0,0.0,0.0
107,CBS,Mon Jan 08 14:29:20 +0000 2018,RT @AmazingRaceCBS: Which teams are zipping through the first leg of the #AmazingRace? https://t.co/8isAwPyrLY,8,0.0,1.0,0.0,0.0
108,CBS,Mon Jan 08 00:29:51 +0000 2018,RT @MadamSecretary: Is VP Hurst going to work with or against Elizabeth? Stream a new #MadamSecretary live with CBS All Access: https://t.c‚Ä¶,9,0.0,1.0,0.0,0.0
109,CBS,Sat Jan 06 20:05:17 +0000 2018,"RT @debrabirnbaum: .@ShawnRyanTV: To me, being on CBS is the opposite of preaching to the choir. #TCA18",10,0.0,1.0,0.0,0.0
110,CBS,Sat Jan 06 19:04:08 +0000 2018,RT @LivinBiblically: ‚ÄúThe truth is it somehow gorgeously straddles both sides...I have had friends come from all different walks of life an‚Ä¶,11,0.314,0.686,0.0,0.8271
111,CBS,Sat Jan 06 19:03:38 +0000 2018,RT @instinctcbs: ‚ÄúThis is a crime show where at the end you‚Äôre not reminded of how miserable things are in the world right now‚Ä¶You feel sat‚Ä¶,12,0.0,0.774,0.226,-0.7717
112,CBS,Sat Jan 06 00:37:55 +0000 2018,"RT @startrekcbs: Star Trek has touched the lives of generations of fans, including the cast and writers of #StarTrekDiscovery. What's your‚Ä¶",13,0.0,1.0,0.0,0.0
113,CBS,Sat Jan 06 00:30:53 +0000 2018,#StrangeAngel has found its leading man! Jack Reynor will star as famed rocket engineer Jack Parsons in the upcomin‚Ä¶ https://t.co/sHkSKABGfd,14,0.0,1.0,0.0,0.0
114,CBS,Fri Jan 05 18:30:42 +0000 2018,"The streak of new episodes continues! Watch new episodes of #MacGyver, #H50 &amp; #BlueBloods tonight starting at 8/7c.‚Ä¶ https://t.co/xs2vbVqBJZ",15,0.0,1.0,0.0,0.0
115,CBS,Fri Jan 05 16:05:58 +0000 2018,"RT @CBSTweet: #CBSRatingsNews: CBS Sweeps Fourth Quarter Ratings in Daytime, Primetime and Late Night for the First Time Since 2009 https:/‚Ä¶",16,0.0,1.0,0.0,0.0
116,CBS,Thu Jan 04 23:13:02 +0000 2018,"New year, new episodes! Don't miss all-new episodes of @BigBangTheory, @YoungSheldon, @MomCBS, @LifeInPiecesCBS, an‚Ä¶ https://t.co/COf6Qg8Mz1",17,0.11,0.89,0.0,0.1867
117,CBS,Thu Jan 04 14:43:09 +0000 2018,"Current nominees @LadyGaga, @LittleBigTown, @Pink, Childish Gambino and more will perform live at the #GRAMMYs, Jan‚Ä¶ https://t.co/PlLMasNPwD",18,0.0,0.879,0.121,-0.296
118,CBS,Wed Jan 03 20:33:09 +0000 2018,"RT @startrekcbs: From Airiam to Zefram Cochrane, #StarTrekDiscovery features fascinating new concepts along with classic references. What's‚Ä¶",19,0.179,0.821,0.0,0.5423
119,CBS,Wed Jan 03 19:51:15 +0000 2018,Torres and Bishop went undercover as a criminal couple on the latest episode of #NCIS. Catch up now:‚Ä¶ https://t.co/1iTEneHyJS,20,0.0,0.833,0.167,-0.5267
120,CBS,Wed Jan 10 17:15:18 +0000 2018,Hosts @7BOOMERESIASON &amp; @DanielaRuah return in Super Bowl Greatest Commercials 2018 pitting man vs. beast! Cast you‚Ä¶ https://t.co/bk8OKTblMw,21,0.344,0.656,0.0,0.8553
121,CBS,Wed Jan 10 14:44:59 +0000 2018,"Music's Biggest Night¬Æ just got bigger with epic performances by @BrunoMars with @iamcardib, @KeshaRose, @sza and m‚Ä¶ https://t.co/rCWrP6PihR",22,0.0,1.0,0.0,0.0
122,CBS,Tue Jan 09 19:30:28 +0000 2018,RT @BullCBS: Dr. #Bull's latest case could change the way Psychologists work. Don't miss tonight's new episode at 9/8c on CBS! https://t.co‚Ä¶,23,0.076,0.924,0.0,0.1867
123,CBS,Tue Jan 09 19:27:16 +0000 2018,"üé∂@Prince pushed the envelope and never settled for ordinary.

Celebrate the greatest artists in music history at Th‚Ä¶ https://t.co/GPZ9YgK1tH",24,0.317,0.683,0.0,0.836
124,CBS,Tue Jan 09 18:29:39 +0000 2018,RT @AmazingRaceCBS: This race is just getting started. Catch a new episode of The #AmazingRace tomorrow at 8/7c on CBS! https://t.co/Nab5DC‚Ä¶,25,0.0,1.0,0.0,0.0
125,CBS,Mon Jan 08 18:07:57 +0000 2018,RT @startrekcbs: #StarTrekDiscovery is back! Episode 10 is now streaming on CBS All Access: https://t.co/xPeb97Rs8J https://t.co/Uvgab7nGgS,26,0.0,1.0,0.0,0.0
126,CBS,Mon Jan 08 14:34:48 +0000 2018,"New year, new case. Watch the latest episode of #NCISLA now: https://t.co/1rAsX4EsiB https://t.co/QzRZcORK9r",27,0.0,1.0,0.0,0.0
127,CBS,Mon Jan 08 14:29:20 +0000 2018,RT @AmazingRaceCBS: Which teams are zipping through the first leg of the #AmazingRace? https://t.co/8isAwPyrLY,28,0.0,1.0,0.0,0.0
128,CBS,Mon Jan 08 00:29:51 +0000 2018,RT @MadamSecretary: Is VP Hurst going to work with or against Elizabeth? Stream a new #MadamSecretary live with CBS All Access: https://t.c‚Ä¶,29,0.0,1.0,0.0,0.0
129,CBS,Sat Jan 06 20:05:17 +0000 2018,"RT @debrabirnbaum: .@ShawnRyanTV: To me, being on CBS is the opposite of preaching to the choir. #TCA18",30,0.0,1.0,0.0,0.0
130,CBS,Sat Jan 06 19:04:08 +0000 2018,RT @LivinBiblically: ‚ÄúThe truth is it somehow gorgeously straddles both sides...I have had friends come from all different walks of life an‚Ä¶,31,0.314,0.686,0.0,0.8271
131,CBS,Sat Jan 06 19:03:38 +0000 2018,RT @instinctcbs: ‚ÄúThis is a crime show where at the end you‚Äôre not reminded of how miserable things are in the world right now‚Ä¶You feel sat‚Ä¶,32,0.0,0.774,0.226,-0.7717
132,CBS,Sat Jan 06 00:37:55 +0000 2018,"RT @startrekcbs: Star Trek has touched the lives of generations of fans, including the cast and writers of #StarTrekDiscovery. What's your‚Ä¶",33,0.0,1.0,0.0,0.0
133,CBS,Sat Jan 06 00:30:53 +0000 2018,#StrangeAngel has found its leading man! Jack Reynor will star as famed rocket engineer Jack Parsons in the upcomin‚Ä¶ https://t.co/sHkSKABGfd,34,0.0,1.0,0.0,0.0
134,CBS,Fri Jan 05 18:30:42 +0000 2018,"The streak of new episodes continues! Watch new episodes of #MacGyver, #H50 &amp; #BlueBloods tonight starting at 8/7c.‚Ä¶ https://t.co/xs2vbVqBJZ",35,0.0,1.0,0.0,0.0
135,CBS,Fri Jan 05 16:05:58 +0000 2018,"RT @CBSTweet: #CBSRatingsNews: CBS Sweeps Fourth Quarter Ratings in Daytime, Primetime and Late Night for the First Time Since 2009 https:/‚Ä¶",36,0.0,1.0,0.0,0.0
136,CBS,Thu Jan 04 23:13:02 +0000 2018,"New year, new episodes! Don't miss all-new episodes of @BigBangTheory, @YoungSheldon, @MomCBS, @LifeInPiecesCBS, an‚Ä¶ https://t.co/COf6Qg8Mz1",37,0.11,0.89,0.0,0.1867
137,CBS,Thu Jan 04 14:43:09 +0000 2018,"Current nominees @LadyGaga, @LittleBigTown, @Pink, Childish Gambino and more will perform live at the #GRAMMYs, Jan‚Ä¶ https://t.co/PlLMasNPwD",38,0.0,0.879,0.121,-0.296
138,CBS,Wed Jan 03 20:33:09 +0000 2018,"RT @startrekcbs: From Airiam to Zefram Cochrane, #StarTrekDiscovery features fascinating new concepts along with classic references. What's‚Ä¶",39,0.179,0.821,0.0,0.5423
139,CBS,Wed Jan 03 19:51:15 +0000 2018,Torres and Bishop went undercover as a criminal couple on the latest episode of #NCIS. Catch up now:‚Ä¶ https://t.co/1iTEneHyJS,40,0.0,0.833,0.167,-0.5267
140,CBS,Wed Jan 03 15:00:05 +0000 2018,Do you know all the nominees for Artist Of The Year? Get familiar with this year's GRAMMY¬Æ Award nominees ahead of‚Ä¶ https://t.co/UQa8Mu9PUV,41,0.143,0.857,0.0,0.5423
141,CBS,Wed Jan 03 12:00:01 +0000 2018,"The new year of new episodes continues tonight with all-new episodes of #AmazingRace, #SEALTeam and #CriminalMinds‚Ä¶ https://t.co/bwhNhQgsFC",42,0.0,1.0,0.0,0.0
142,CBS,Wed Jan 03 00:47:26 +0000 2018,"RT @BullCBS: Tonight, can #Bull prove that a teen accused of robbing a jewelry store isn't responsible for the crime? Tune in at 9/8c or st‚Ä¶",43,0.0,0.733,0.267,-0.7692
143,CBS,Tue Jan 02 22:41:51 +0000 2018,It's your last chance to choose the pro football player with the best off-the-field talent! Vote now to decide who‚Ä¶ https://t.co/6DjwqU0MB9,44,0.34,0.66,0.0,0.8516
144,CBS,Tue Jan 02 08:00:03 +0000 2018,"New year, new episodes -- all week long! It kicks off with an all-new #NCIS, #Bull and #NCISNOLA tonight starting a‚Ä¶ https://t.co/bcmAaUQJtf",45,0.0,1.0,0.0,0.0
145,CBS,Mon Jan 01 01:16:12 +0000 2018,"Due to #NFL football games overrun, revised start times &amp; lineup for Eastern/Central Time Zones Only:
#60Minutes 8:‚Ä¶ https://t.co/rqOYbM5j0h",46,0.0,1.0,0.0,0.0
146,CBS,Sun Dec 31 14:37:05 +0000 2017,Get ready for football! Stream NFL on CBS today with #CBSAllAccess. Try 1 month FREE with promo code BINGE (not ava‚Ä¶ https://t.co/NEntvW7QHd,47,0.264,0.736,0.0,0.7798
147,CBS,Sat Dec 30 20:25:20 +0000 2017,"RT @NoActivityCBS: All season nothing's happened. Now prepare for activity. Stream the #NoActivity season finale Sunday, Dec 31 on CBS All‚Ä¶",48,0.0,1.0,0.0,0.0
148,CBS,Sat Dec 30 20:24:58 +0000 2017,RT @startrekcbs: Find out what happens when you boldly go too far. #StarTrekDiscovery continues January 7 on CBS All Access: https://t.co/f‚Ä¶,49,0.116,0.884,0.0,0.3612
149,CBS,Fri Dec 29 16:06:02 +0000 2017,Stream NC State Wolfpack at Arizona State Sun Devils LIVE today at 3PM ET with a 1-month FREE trial of‚Ä¶ https://t.co/8k50thgtip,50,0.157,0.699,0.144,0.0857
150,CBS,Thu Dec 28 20:31:01 +0000 2017,"In case you missed this star-studded tribute to Carol Burnett's classic comedy series, catch up now! Watch The Caro‚Ä¶ https://t.co/wu7BxM9gtm",51,0.121,0.783,0.096,0.1511
151,CBS,Thu Dec 28 19:28:22 +0000 2017,Some of TV's biggest stars saluted @TheNormanLear's impact on television and culture at The 40th Annual Kennedy Cen‚Ä¶ https://t.co/E74ChUW1uE,52,0.0,1.0,0.0,0.0
152,CBS,Wed Dec 27 22:45:05 +0000 2017,The search is on to find the pro football player with the best off-the-field talent. Vote for your favorite player‚Ä¶ https://t.co/R0fb5ngJ16,53,0.357,0.643,0.0,0.875
153,CBS,Wed Dec 27 21:04:10 +0000 2017,"Celebrate everyone's favorite classic sitcom with Carol Burnett, Vicki Lawrence, and more stars during The Carol Bu‚Ä¶ https://t.co/SaiZ9TzBVO",54,0.295,0.705,0.0,0.7717
154,CBS,Wed Dec 27 19:52:02 +0000 2017,Joy to the world of streaming! Try #CBSAllAccess FREE for 1 month ‚Äì just use code BINGE by 1/2:‚Ä¶ https://t.co/9p1ACnslz6,55,0.337,0.663,0.0,0.8452
155,CBS,Wed Dec 27 19:40:34 +0000 2017,"Music legend Stevie Wonder salutes @LionelRichie while performing his classic hit, ""Easy"" at The 40th Annual Kenned‚Ä¶ https://t.co/7TeDeNyhgo",56,0.0,1.0,0.0,0.0
156,CBS,Wed Dec 27 12:00:01 +0000 2017,"As the youngest Kennedy Center Honoree in 40 years, @LLCoolJ talks about what motivates him to chase his dreams. Wa‚Ä¶ https://t.co/DFY78y99w3",57,0.234,0.766,0.0,0.7003
157,CBS,Wed Dec 27 07:27:33 +0000 2017,Here's to the 2017 Kennedy Center Honorees! Catch up on an evening of stunning performances and inspiring speeches‚Ä¶ https://t.co/jGfANpSCul,58,0.36,0.64,0.0,0.8398
158,CBS,Wed Dec 27 04:00:52 +0000 2017,This celebration could go all night long! What a great final performance in honor of @LionelRichie. #KCHonors https://t.co/xKLWpKr3v0,59,0.336,0.664,0.0,0.8221
159,CBS,Wed Dec 27 03:59:48 +0000 2017,RT @MarkAPrinceJr: A #LionelRichie tribute is not complete without üé∂All Night Longüé∂ üòÅ #KCHonors,60,0.0,1.0,0.0,0.0
160,CBS,Wed Dec 27 03:36:01 +0000 2017,Carmen de Lavallade (@CarmenDances) got emotional during those beautiful performances in her honor. Congratulations‚Ä¶ https://t.co/gOCAZpZDpt,61,0.42,0.58,0.0,0.8271
161,CBS,Wed Dec 27 03:35:29 +0000 2017,RT @Glamourtunist: This tribute to Carmen de Lavallade at the #KCHonors is so beautiful and well deserved. ‚ù§Ô∏è,62,0.315,0.685,0.0,0.8103
162,CBS,Wed Dec 27 03:03:49 +0000 2017,RT @llcoolj: Attn: #HIPHOP !!!! We made history!! #KCHonors,63,0.0,1.0,0.0,0.0
163,CBS,Wed Dec 27 03:03:26 +0000 2017,.@llcoolj is making history! He‚Äôs the Kennedy Center‚Äôs first hip-hop honoree. #KCHonors https://t.co/kCqkOdUjtu,64,0.22,0.78,0.0,0.5255
164,CBS,Wed Dec 27 02:57:56 +0000 2017,RT @ErinAnnCullen: #KCHonors is always a night of inspiration. Thank you to these artists for your impact on our country. ‚ù§Ô∏èüß°üíõüíöüíôüíú,65,0.247,0.753,0.0,0.7096
165,CBS,Wed Dec 27 02:48:52 +0000 2017,Give a round of applause to television pioneer and 2017 Honoree @TheNormanLear! #KCHonors https://t.co/20UosF987x,66,0.36,0.64,0.0,0.7345
166,CBS,Wed Dec 27 02:45:34 +0000 2017,RT @AliL: This tribute to Norman Lear on #KCHonors is outstanding AND a walk down my childhood TV memory lane. üëèüèªüì∫,67,0.174,0.826,0.0,0.6124
167,CBS,Wed Dec 27 02:28:07 +0000 2017,RT @llcoolj: Moments I‚Äôll never forget!!! #KCHonors,68,0.298,0.702,0.0,0.3699
168,CBS,Wed Dec 27 02:26:46 +0000 2017,.@GloriaEstefan approves of those amazing musical performances in her honor! #KCHonors https://t.co/i3EVYEoKRx,69,0.526,0.474,0.0,0.8748
169,CBS,Wed Dec 27 02:20:11 +0000 2017,RT @thepickypantry: Beautiful tribute to @GloriaEstefan on the Kennedy Center Honors. Love Mi Tierra! Amazing and inspiring what a fighter‚Ä¶,70,0.566,0.434,0.0,0.9601
170,CBS,Wed Dec 27 02:00:29 +0000 2017,Time to celebrate the 2017 honorees at The 40th Annual Kennedy Center Honors! Tune in now on CBS and CBS All Access‚Ä¶ https://t.co/1OULMpCfPy,71,0.346,0.654,0.0,0.8908
171,CBS,Wed Dec 27 01:08:32 +0000 2017,"Tonight, @LionelRichie, @LLCoolJ, @GloriaEstefan, @TheNormanLear &amp; Carmen de Lavallade will be recognized at The 40‚Ä¶ https://t.co/jZJqNo8h3b",72,0.0,1.0,0.0,0.0
172,CBS,Tue Dec 26 12:00:01 +0000 2017,"Don't miss the breathtaking performances, standing ovations and moving tributes that will leave you inspired. Here'‚Ä¶ https://t.co/imILa52fjz",73,0.218,0.61,0.173,0.2415
173,CBS,Mon Dec 25 12:00:05 +0000 2017,"Experience the performances and the memories when 2017 Honorees @LionelRichie, @GloriaEstefan, Carmen de Lavallade,‚Ä¶ https://t.co/ygbqASVL7t",74,0.191,0.809,0.0,0.5106
174,CBS,Mon Dec 25 00:48:24 +0000 2017,"Due to NFL overrun CBS is delayed 36mins in Charlotte/NC, Cincinnati/OH, Nashville, Atlanta, New Orleans, Baton Rou‚Ä¶ https://t.co/20mnbAhpTm",75,0.0,0.899,0.101,-0.2263
175,CBS,Sun Dec 24 20:40:42 +0000 2017,"Tonight, get together and enjoy Christmas Eve with a two-hour marathon of your favorite classic sitcoms! Watch The‚Ä¶ https://t.co/SCv8TJy9Yp",76,0.289,0.711,0.0,0.7574
176,CBS,Sun Dec 24 14:17:43 +0000 2017,Get ready for football! Stream NFL on CBS today with #CBSAllAccess. Try 1 month FREE with promo code BINGE! (Not av‚Ä¶ https://t.co/6mR4bRR5Ey,77,0.273,0.727,0.0,0.7974
177,CBS,Sun Dec 24 12:30:02 +0000 2017,"All In The Family star @RobReiner gives props to legendary television writer, producer and 2017 Kennedy Center Hono‚Ä¶ https://t.co/98jc5i63zE",78,0.0,1.0,0.0,0.0
178,CBS,Sat Dec 23 16:21:17 +0000 2017,"Rapper @BustaRhymes pays tribute to @LLCoolJ, performing his hit song ""Mama Said Knock You Out"" at The 40th Annual‚Ä¶ https://t.co/CRjQArUqwd",79,0.0,1.0,0.0,0.0
179,CBS,Sat Dec 23 15:00:02 +0000 2017,"Oh, what fun it is to stream! Start a 1-month FREE trial of #CBSAllAccess now. Use promo code BINGE by 1/2:‚Ä¶ https://t.co/rSAnDJDgbI",80,0.286,0.714,0.0,0.8236
180,CBS,Sat Dec 23 12:37:04 +0000 2017,CBS stars are glowing with holiday spirit! See how the stars are getting festive this season:‚Ä¶ https://t.co/7qYTHoxFIc,81,0.355,0.645,0.0,0.7712
181,CBS,Sat Dec 23 07:24:44 +0000 2017,Spread some holiday cheer and laugh along with Dick Van Dyke and Mary Tyler Moore in two back-to-back episodes of T‚Ä¶ https://t.co/N89JoYvXZW,82,0.311,0.583,0.107,0.743
182,CBS,Sat Dec 23 06:39:45 +0000 2017,Come home for the holidays with Lucy and Ricky in the I Love Lucy Christmas Special! Stream the full show:‚Ä¶ https://t.co/s7f9mjEtER,83,0.365,0.635,0.0,0.8687
183,CBS,Sat Dec 23 01:38:37 +0000 2017,"Tonight at 9/8c, gather the family for two hilarious episodes of this classic sitcom in The Dick Van Dyke Show- Now‚Ä¶ https://t.co/YcyECVr2NN",84,0.104,0.769,0.127,-0.1531
184,CBS,Sat Dec 23 00:39:52 +0000 2017,Get ready to laugh in the holidays tonight with Lucy and the gang in the I Love Lucy Christmas Special at 8/7c! Str‚Ä¶ https://t.co/txU2TwXWOg,85,0.469,0.531,0.0,0.9422
185,CBS,Fri Dec 22 19:35:35 +0000 2017,"Tonight, ring in the holidays with two back-to-back episodes of a timeless comedy classic, now in color! Watch the‚Ä¶ https://t.co/skJsgJdQel",86,0.241,0.759,0.0,0.6588
186,CBS,Fri Dec 22 18:03:20 +0000 2017,"Groundbreaking, daring, fearless. This is CBS All Access Originals. 

Sign up now to watch @StarTrekCBS,‚Ä¶ https://t.co/kvPsJafYrN",87,0.278,0.722,0.0,0.6597
187,CBS,Fri Dec 22 14:04:52 +0000 2017,2017 Honoree @LLCoolJ is the first hip-hop artist recognized at the #KCHonors! Learn more about the @NCISLA star's‚Ä¶ https://t.co/eK91KdBNpG,88,0.159,0.841,0.0,0.5255
188,CBS,Thu Dec 21 12:04:04 +0000 2017,"She's at it again! Tomorrow, relive Lucy's hilarious antics during the I Love Lucy Christmas Special at 8/7c on CBS‚Ä¶ https://t.co/g01UGGLEDk",89,0.368,0.632,0.0,0.8718
189,CBS,Thu Dec 21 01:04:27 +0000 2017,"RT @survivorcbs: 6 heroes, 6 healers, 6 hustlers, but only 1 sole #Survivor. Ready to find out who it is? Tune in to the #SurvivorFinale no‚Ä¶",90,0.213,0.787,0.0,0.6597
190,CBS,Wed Dec 20 23:00:04 +0000 2017,Watch @kelly_clarkson deliver a moving performance of 'Christmas Eve' during A Home for the Holidays with‚Ä¶ https://t.co/TAcstl7VYh,91,0.157,0.843,0.0,0.3818
191,CBS,Wed Dec 20 21:08:10 +0000 2017,"In two days, celebrate the holidays with the gang with two back-to-back episodes of the classic sitcom during the I‚Ä¶ https://t.co/FRr8jX7MXZ",92,0.249,0.751,0.0,0.743
192,CBS,Wed Dec 20 20:10:15 +0000 2017,2017 Honoree @LLCoolJ salutes James Brown for paving the way for artists like himself. Don't miss The 40th Annual K‚Ä¶ https://t.co/310Wfk7EoW,93,0.281,0.719,0.0,0.7222
193,CBS,Wed Dec 20 19:31:47 +0000 2017,Singer-songwriter @JoshGroban delivers a powerhouse performance while raising awareness of adoption through foster‚Ä¶ https://t.co/FiQKJdx7Ty,94,0.0,1.0,0.0,0.0
194,CBS,Wed Dec 20 15:30:01 +0000 2017,Do you know all the nominees for Album Of The Year? Get familiar with this year's GRAMMY¬Æ  Award nominees ahead of‚Ä¶ https://t.co/GYnxLT3n4p,95,0.143,0.857,0.0,0.5423
195,CBS,Wed Dec 20 01:01:19 +0000 2017,RT @survivorcbs: This finale is going to be unlike any ending in the history of #Survivor. Don't miss the finale + reunion all starting Wed‚Ä¶,96,0.059,0.941,0.0,0.1139
196,CBS,Wed Dec 20 00:14:34 +0000 2017,"This Friday, gather around the tree and celebrate the holidays with Lucille Ball! Watch two colorized back-to-back‚Ä¶ https://t.co/4wopbmS4ez",97,0.292,0.708,0.0,0.7644
197,CBS,Tue Dec 19 21:12:50 +0000 2017,Kevin and Vanessa took a trip back in time on last night's #KevinCanWait. Watch the latest episode now:‚Ä¶ https://t.co/SAqbLOd1Pg,98,0.0,1.0,0.0,0.0
198,CBS,Tue Dec 19 21:00:03 +0000 2017,"Find out how to watch A Home for the Holidays with @JoshGroban, featuring performances by @Kelly_Clarkson,‚Ä¶ https://t.co/Y6zrR9PigH",99,0.148,0.852,0.0,0.3818
199,CBS,Tue Dec 19 15:30:04 +0000 2017,"In one week, celebrate a night of legends when @LionelRichie, @GloriaEstefan, Carmen de Lavallade (@CarmenDances),‚Ä¶ https://t.co/u7eXxb521H",100,0.209,0.791,0.0,0.5719
200,CNN,Wed Jan 10 19:55:07 +0000 2018,The US will not be prepared to defend against possible Russian meddling in the 2018 midterm elections or the 2020 p‚Ä¶ https://t.co/oRu9gZQlPh,1,0.0,0.926,0.074,-0.1695
201,CNN,Wed Jan 10 19:45:13 +0000 2018,"""This f------ idiot is the president. It's The Emperor's New Clothes -- the guy is a f------ fool... our baby-in-ch‚Ä¶ https://t.co/mY2u301jTn",2,0.0,0.852,0.148,-0.5106
202,CNN,Wed Jan 10 19:39:13 +0000 2018,The closure of a coal mine near the Pennsylvania-West Virginia border will wipe out many of President Trump's coal‚Ä¶ https://t.co/TaOqDq66zP,3,0.0,1.0,0.0,0.0
203,CNN,Wed Jan 10 19:36:07 +0000 2018,What's sending mysterious repeating fast radio bursts in space? https://t.co/ugPzwHcep5 https://t.co/J2pQn4jglT,4,0.0,1.0,0.0,0.0
204,CNN,Wed Jan 10 19:35:06 +0000 2018,"Toyota and Mazda are planning to build a $1.6 billion auto assembly plant in Alabama that will employ 4,000 workers‚Ä¶ https://t.co/c74OQeyrAQ",5,0.0,1.0,0.0,0.0
205,CNN,Wed Jan 10 19:25:10 +0000 2018,The Trump administration is pointing to a recent uptick in illegal border crossings as evidence that it needs more‚Ä¶ https://t.co/kWVjJW4G1u,6,0.0,0.833,0.167,-0.5574
206,CNN,Wed Jan 10 19:15:10 +0000 2018,Here's why California's mudslides are so devastating https://t.co/oz0oD4jVSP https://t.co/QXYo6hrXUJ,7,0.0,0.593,0.407,-0.7573
207,CNN,Wed Jan 10 19:05:06 +0000 2018,Japanese astronaut says sorry after claiming he grew 3.5 inches aboard the International Space Station‚Ä¶ https://t.co/DqMsPMAiI4,8,0.067,0.854,0.079,-0.0516
208,CNN,Wed Jan 10 18:55:04 +0000 2018,Here are three ways tax reform will hit home values https://t.co/q0woG9xz3G https://t.co/Vwzs8VXtVM,9,0.197,0.803,0.0,0.4019
209,CNN,Wed Jan 10 18:45:13 +0000 2018,GOP House investigators want James Comey to testify on Clinton email investigation https://t.co/OUQbFjrwE0 https://t.co/gvXBBBkLm4,10,0.091,0.909,0.0,0.0772
210,CNN,Wed Jan 10 18:35:08 +0000 2018,Days after the Trump administration opened the possibility of offshore oil and gas drilling in long restricted area‚Ä¶ https://t.co/Qp1j9G1ZSx,11,0.0,0.874,0.126,-0.3818
211,CNN,Wed Jan 10 18:25:40 +0000 2018,"President Trump to African-American voters: Remember, I said ""what do you have to lose?"" https://t.co/qVRUOJ16Vb https://t.co/3aEbKNpLIC",12,0.0,1.0,0.0,0.0
212,CNN,Wed Jan 10 18:15:07 +0000 2018,"There's a heat wave in Australia and it's killing thousands of large bats, called flying foxes‚Ä¶ https://t.co/KfpNVN9ox4",13,0.0,0.773,0.227,-0.6597
213,CNN,Wed Jan 10 18:05:03 +0000 2018,"Actress Michelle Williams reportedly was paid less than 1% of Mark Wahlberg's paycheck for reshoots of their film,‚Ä¶ https://t.co/LJlBBFB86s",14,0.0,1.0,0.0,0.0
214,CNN,Wed Jan 10 17:55:09 +0000 2018,"President Trump is set to take questions later today alongside the prime minister of Norway, a key NATO ally that s‚Ä¶ https://t.co/IlNgjPmiA3",15,0.0,1.0,0.0,0.0
215,CNN,Wed Jan 10 17:45:12 +0000 2018,5 questions for President Trump today | Analysis by @CillizzaCNN https://t.co/FAcDChGTPZ https://t.co/uXFieytRKO,16,0.0,1.0,0.0,0.0
216,CNN,Wed Jan 10 17:44:47 +0000 2018,RT @CNNPolitics: President Trump lauds his administration's 2017 accomplishments during a meeting with his Cabinet members at the White Hou‚Ä¶,17,0.0,1.0,0.0,0.0
217,CNN,Wed Jan 10 17:36:42 +0000 2018,This teacher stood up at a school board meeting to criticize a superintendent's pay raise. Then she was handcuffed.‚Ä¶ https://t.co/QBfu0MqQUt,18,0.0,0.8,0.2,-0.4588
218,CNN,Wed Jan 10 17:28:42 +0000 2018,"Prosecutors in Myanmar have sought charges under its Official Secrets Act against two Reuters reporters, which coul‚Ä¶ https://t.co/tbdoFCOWFQ",19,0.0,0.89,0.11,-0.2732
219,CNN,Wed Jan 10 17:12:06 +0000 2018,The Trump administration is ending TPS for thousands. Tell CNN how losing this protection from deportation affects‚Ä¶ https://t.co/BmHvSjRfvH,20,0.0,0.867,0.133,-0.3818
220,CNN,Wed Jan 10 19:55:07 +0000 2018,The US will not be prepared to defend against possible Russian meddling in the 2018 midterm elections or the 2020 p‚Ä¶ https://t.co/oRu9gZQlPh,21,0.0,0.926,0.074,-0.1695
221,CNN,Wed Jan 10 19:45:13 +0000 2018,"""This f------ idiot is the president. It's The Emperor's New Clothes -- the guy is a f------ fool... our baby-in-ch‚Ä¶ https://t.co/mY2u301jTn",22,0.0,0.852,0.148,-0.5106
222,CNN,Wed Jan 10 19:39:13 +0000 2018,The closure of a coal mine near the Pennsylvania-West Virginia border will wipe out many of President Trump's coal‚Ä¶ https://t.co/TaOqDq66zP,23,0.0,1.0,0.0,0.0
223,CNN,Wed Jan 10 19:36:07 +0000 2018,What's sending mysterious repeating fast radio bursts in space? https://t.co/ugPzwHcep5 https://t.co/J2pQn4jglT,24,0.0,1.0,0.0,0.0
224,CNN,Wed Jan 10 19:35:06 +0000 2018,"Toyota and Mazda are planning to build a $1.6 billion auto assembly plant in Alabama that will employ 4,000 workers‚Ä¶ https://t.co/c74OQeyrAQ",25,0.0,1.0,0.0,0.0
225,CNN,Wed Jan 10 19:25:10 +0000 2018,The Trump administration is pointing to a recent uptick in illegal border crossings as evidence that it needs more‚Ä¶ https://t.co/kWVjJW4G1u,26,0.0,0.833,0.167,-0.5574
226,CNN,Wed Jan 10 19:15:10 +0000 2018,Here's why California's mudslides are so devastating https://t.co/oz0oD4jVSP https://t.co/QXYo6hrXUJ,27,0.0,0.593,0.407,-0.7573
227,CNN,Wed Jan 10 19:05:06 +0000 2018,Japanese astronaut says sorry after claiming he grew 3.5 inches aboard the International Space Station‚Ä¶ https://t.co/DqMsPMAiI4,28,0.067,0.854,0.079,-0.0516
228,CNN,Wed Jan 10 18:55:04 +0000 2018,Here are three ways tax reform will hit home values https://t.co/q0woG9xz3G https://t.co/Vwzs8VXtVM,29,0.197,0.803,0.0,0.4019
229,CNN,Wed Jan 10 18:45:13 +0000 2018,GOP House investigators want James Comey to testify on Clinton email investigation https://t.co/OUQbFjrwE0 https://t.co/gvXBBBkLm4,30,0.091,0.909,0.0,0.0772
230,CNN,Wed Jan 10 18:35:08 +0000 2018,Days after the Trump administration opened the possibility of offshore oil and gas drilling in long restricted area‚Ä¶ https://t.co/Qp1j9G1ZSx,31,0.0,0.874,0.126,-0.3818
231,CNN,Wed Jan 10 18:25:40 +0000 2018,"President Trump to African-American voters: Remember, I said ""what do you have to lose?"" https://t.co/qVRUOJ16Vb https://t.co/3aEbKNpLIC",32,0.0,1.0,0.0,0.0
232,CNN,Wed Jan 10 18:15:07 +0000 2018,"There's a heat wave in Australia and it's killing thousands of large bats, called flying foxes‚Ä¶ https://t.co/KfpNVN9ox4",33,0.0,0.773,0.227,-0.6597
233,CNN,Wed Jan 10 18:05:03 +0000 2018,"Actress Michelle Williams reportedly was paid less than 1% of Mark Wahlberg's paycheck for reshoots of their film,‚Ä¶ https://t.co/LJlBBFB86s",34,0.0,1.0,0.0,0.0
234,CNN,Wed Jan 10 17:55:09 +0000 2018,"President Trump is set to take questions later today alongside the prime minister of Norway, a key NATO ally that s‚Ä¶ https://t.co/IlNgjPmiA3",35,0.0,1.0,0.0,0.0
235,CNN,Wed Jan 10 17:45:12 +0000 2018,5 questions for President Trump today | Analysis by @CillizzaCNN https://t.co/FAcDChGTPZ https://t.co/uXFieytRKO,36,0.0,1.0,0.0,0.0
236,CNN,Wed Jan 10 17:44:47 +0000 2018,RT @CNNPolitics: President Trump lauds his administration's 2017 accomplishments during a meeting with his Cabinet members at the White Hou‚Ä¶,37,0.0,1.0,0.0,0.0
237,CNN,Wed Jan 10 17:36:42 +0000 2018,This teacher stood up at a school board meeting to criticize a superintendent's pay raise. Then she was handcuffed.‚Ä¶ https://t.co/QBfu0MqQUt,38,0.0,0.8,0.2,-0.4588
238,CNN,Wed Jan 10 17:28:42 +0000 2018,"Prosecutors in Myanmar have sought charges under its Official Secrets Act against two Reuters reporters, which coul‚Ä¶ https://t.co/tbdoFCOWFQ",39,0.0,0.89,0.11,-0.2732
239,CNN,Wed Jan 10 17:12:06 +0000 2018,The Trump administration is ending TPS for thousands. Tell CNN how losing this protection from deportation affects‚Ä¶ https://t.co/BmHvSjRfvH,40,0.0,0.867,0.133,-0.3818
240,CNN,Wed Jan 10 17:00:27 +0000 2018,Use iCloud in China? Prepare to share your data with a state-run Chinese company https://t.co/i0jHGUl9Qh https://t.co/5BF3teZvln,41,0.136,0.864,0.0,0.296
241,CNN,Wed Jan 10 16:50:09 +0000 2018,"95 million people are still out of the workforce, and it's still a misleading number https://t.co/vI7VPLRLp0 https://t.co/EjfcGFD35E",42,0.072,0.778,0.15,-0.34
242,CNN,Wed Jan 10 16:40:07 +0000 2018,"""We need to show everybody that we're better than this horrific event ‚Äî that we can move forward"": The survivors of‚Ä¶ https://t.co/CtCUMkTbi0",43,0.11,0.722,0.167,-0.3612
243,CNN,Wed Jan 10 16:31:44 +0000 2018,Tourists had to be airlifted out of this ski resort after heavy snowfall in Switzerland https://t.co/6zrAcsKuqa https://t.co/SKQ7obOSUu,44,0.0,1.0,0.0,0.0
244,CNN,Wed Jan 10 16:20:56 +0000 2018,"JUST IN: California Republican Rep. Darrell Issa announces he will retire at the end of his term, handing Democrats‚Ä¶ https://t.co/TgVx5IXKCm",45,0.0,1.0,0.0,0.0
245,CNN,Wed Jan 10 16:20:08 +0000 2018,"President Trump is holding a Cabinet meeting, and a press conference with the prime minister of Norway after a day‚Ä¶ https://t.co/z9cZiHrsmX",46,0.0,1.0,0.0,0.0
246,CNN,Wed Jan 10 16:10:05 +0000 2018,White House aides have been told to decide before the end of January whether they intend to leave the administratio‚Ä¶ https://t.co/dM5P6H3JyA,47,0.0,0.943,0.057,-0.0516
247,CNN,Wed Jan 10 16:00:07 +0000 2018,"Two musicians have cut business ties with H&amp;M after the fashion retailer used a young black model to promote a ""coo‚Ä¶ https://t.co/FTk3K01dxh",48,0.115,0.793,0.093,0.128
248,CNN,Wed Jan 10 15:54:07 +0000 2018,"""This f------ idiot is the president. It's The Emperor's New Clothes -- the guy is a f------ fool... our baby-in-ch‚Ä¶ https://t.co/z9v1eWjLXv",49,0.0,0.852,0.148,-0.5106
249,CNN,Wed Jan 10 15:44:22 +0000 2018,The single most important line from President Trump's Tuesday talk-a-thon | Analysis by @CillizzaCNN‚Ä¶ https://t.co/T0TBywSQET,50,0.139,0.861,0.0,0.2716
250,CNN,Wed Jan 10 15:33:11 +0000 2018,A Republican Kansas lawmaker has stepped down from a leadership position after he said African-Americans were more‚Ä¶ https://t.co/7k5FqeMyfH,51,0.0,1.0,0.0,0.0
251,CNN,Wed Jan 10 15:23:01 +0000 2018,"Sheriff Joe Arpaio on DACA: If President Trump supports it, I will https://t.co/3nLHRBvLeB https://t.co/6Ed2sx1PC2",52,0.172,0.828,0.0,0.3612
252,CNN,Wed Jan 10 15:11:24 +0000 2018,This is what the what PyeongChang 2018 Winter Olympics medal table will look like without Russia https://t.co/5iPxtg7XJc,53,0.272,0.728,0.0,0.6808
253,CNN,Wed Jan 10 14:52:04 +0000 2018,"Steve Bannon and the never Trumpers should stop fighting -- and back the President, @carriesheffield writes for‚Ä¶ https://t.co/sog3dlSIRv",54,0.093,0.785,0.123,-0.1561
254,CNN,Wed Jan 10 14:46:02 +0000 2018,"RT @CNNnewsroom: ""I think a wall, as the President has described it at times, is actually ridiculous"" says Sen. Tammy Baldwin while stressi‚Ä¶",55,0.0,0.894,0.106,-0.3612
255,CNN,Wed Jan 10 14:42:17 +0000 2018,"Facebook is shutting down M, an automated personal assistant once thought to be a text-based answer to services lik‚Ä¶ https://t.co/9Qeof6Xbii",56,0.0,1.0,0.0,0.0
256,CNN,Wed Jan 10 14:30:50 +0000 2018,"Steve Bannon, former chief strategist to President Trump, has stepped down from Breitbart, the far-right website he‚Ä¶ https://t.co/ICg4qbIjDE",57,0.0,1.0,0.0,0.0
257,CNN,Wed Jan 10 14:15:06 +0000 2018,"Part of an oil tanker that has been ablaze for days off the coast of Shanghai exploded Wednesday, forcing rescue bo‚Ä¶ https://t.co/FiB3jaKPsj",58,0.136,0.864,0.0,0.5106
258,CNN,Wed Jan 10 14:08:36 +0000 2018,President Trump signed a measure creating a new national historic park for Martin Luther King Jr. during a trip to‚Ä¶ https://t.co/MfeLwmdZEW,59,0.115,0.885,0.0,0.296
259,CNN,Wed Jan 10 13:45:05 +0000 2018,The US will not be prepared to defend against possible Russian meddling in the 2018 midterm elections or the 2020 p‚Ä¶ https://t.co/85g7V1hAgy,60,0.0,0.926,0.074,-0.1695
260,CNN,Wed Jan 10 13:35:11 +0000 2018,These images show the mudslide devastation in California https://t.co/f12hBFnhGk https://t.co/6VlvJn5Oo2,61,0.0,0.763,0.237,-0.4215
261,CNN,Wed Jan 10 13:25:05 +0000 2018,"Prosecutors in Myanmar have sought charges under its Official Secrets Act against two Reuters reporters, which coul‚Ä¶ https://t.co/K9jZXtgwfD",62,0.0,0.89,0.11,-0.2732
262,CNN,Wed Jan 10 13:15:12 +0000 2018,Collegiate star says she told USA Gymnastics about abuse in 2015 https://t.co/jgZXmBG7wX https://t.co/T5pqMYhBcl,63,0.0,0.741,0.259,-0.6369
263,CNN,Wed Jan 10 13:05:06 +0000 2018,"The White House ""intends to destroy all state voter data"" collected for President Trump's dissolved voter fraud com‚Ä¶ https://t.co/0EDmGF8mhJ",64,0.0,0.7,0.3,-0.8074
264,CNN,Wed Jan 10 12:55:35 +0000 2018,"A dog helps firefighters search through debris in Montecito, California. Mudslides caused by heavy rain have killed‚Ä¶ https://t.co/4FlZz8nAxS",65,0.14,0.86,0.0,0.3818
265,CNN,Wed Jan 10 12:45:13 +0000 2018,"5 things for Wednesday:

- Immigration
- Gerrymandering
- Russia investigation
- California mudslides
- Caribbean e‚Ä¶ https://t.co/8i99Z3l7fE",66,0.0,1.0,0.0,0.0
266,CNN,Wed Jan 10 12:36:17 +0000 2018,Luciana Vega is an 11-year-old Chilean-American girl who dreams of being the first person to walk on Mars. And she'‚Ä¶ https://t.co/klN64I6rWZ,67,0.119,0.881,0.0,0.4019
267,CNN,Wed Jan 10 12:25:48 +0000 2018,"A man who was involved with neo-Nazi groups and who attended a ""Unite the Right"" rally in Charlottesville has been‚Ä¶ https://t.co/8s1z91sEJh",68,0.0,1.0,0.0,0.0
268,CNN,Wed Jan 10 12:12:09 +0000 2018,"Weeks after devastating fires tore through Southern California, heavy rains sent mudslides rolling down hillsides i‚Ä¶ https://t.co/6ExnnBZFUj",69,0.0,0.788,0.212,-0.6486
269,CNN,Wed Jan 10 12:08:09 +0000 2018,"Russia is hindering the fight against ISIS in Syria, an official from the US-led coalition fighting ISIS says‚Ä¶ https://t.co/czet52ti5R",70,0.0,0.769,0.231,-0.6249
270,CNN,Wed Jan 10 11:56:52 +0000 2018,"The Trump administration has eliminated or replaced references to climate change, renewable energy and similar topi‚Ä¶ https://t.co/iLNQ7XTaXh",71,0.116,0.884,0.0,0.2732
271,CNN,Wed Jan 10 11:55:52 +0000 2018,It's a complicated political question: How can the GOP give President Trump a win on the wall without alienating De‚Ä¶ https://t.co/kSKhWOxs4a,72,0.174,0.826,0.0,0.5859
272,CNN,Wed Jan 10 11:44:05 +0000 2018,Is the imperial presidency at risk under Trump? Historians say no | Analysis by @GregJKrieg https://t.co/8DDE8ZL9Nm https://t.co/QN6zOUsszV,73,0.0,0.765,0.235,-0.5106
273,CNN,Wed Jan 10 11:36:46 +0000 2018,"Should North Korea be at the Winter Olympics? 

""If it's going to help lead to better inter-Korean relations, or at‚Ä¶ https://t.co/MGmjlrPuUG",74,0.228,0.772,0.0,0.6808
274,CNN,Wed Jan 10 11:24:42 +0000 2018,"Seoul may be willing to temporarily suspend sanctions in order to get North Korea to attend the Winter Games, South‚Ä¶ https://t.co/6G6krhLMpY",75,0.0,0.897,0.103,-0.3182
275,CNN,Wed Jan 10 11:14:10 +0000 2018,"Nearly four years after MH370 disappeared, a private US firm has been awarded a ""no-find, no-fee"" contract to look‚Ä¶ https://t.co/3U9vjqsAgs",76,0.131,0.777,0.092,0.2023
276,CNN,Wed Jan 10 11:05:10 +0000 2018,President Trump signed a measure creating a new national historic park for Martin Luther King Jr. during a trip to‚Ä¶ https://t.co/R91eTTkv1j,77,0.115,0.885,0.0,0.296
277,CNN,Wed Jan 10 10:53:22 +0000 2018,"13 people killed in Southern California mudslides, weeks after deadly wildfires https://t.co/4k4BmWWnbF",78,0.0,0.71,0.29,-0.6705
278,CNN,Wed Jan 10 10:50:21 +0000 2018,"The state voter data collected for President Donald Trump's dissolved voter fraud commission will be destroyed, a d‚Ä¶ https://t.co/RgSmRkNnd1",79,0.0,0.696,0.304,-0.7906
279,CNN,Wed Jan 10 10:49:49 +0000 2018,A majority of Americans had a favorable view of Oprah Winfrey in a March 2017 poll - but seven in 10 Americans said‚Ä¶ https://t.co/PkChbkte2N,80,0.097,0.903,0.0,0.2617
280,CNN,Wed Jan 10 10:38:50 +0000 2018,Thousands of Southern Californians were ordered to evacuate amid fears that rainfall could trigger mudslides in reg‚Ä¶ https://t.co/FdyWHP5EU8,81,0.0,0.859,0.141,-0.4215
281,CNN,Wed Jan 10 10:27:38 +0000 2018,"North Korea has agreed to send a delegation to next month's Winter Olympics in South Korea, including athletes, a c‚Ä¶ https://t.co/v16y6h9svS",82,0.104,0.896,0.0,0.2732
282,CNN,Wed Jan 10 10:17:11 +0000 2018,This is what the what PyeongChang 2018 Winter Olympics medal table will look like without Russia https://t.co/kmCUdrHZ1k,83,0.272,0.728,0.0,0.6808
283,CNN,Wed Jan 10 10:12:15 +0000 2018,Google is bringing its voice assistant to a new gadget: smart speakers with screens https://t.co/XSqGGHZvcI #CES2018 https://t.co/TgeYDJZzWx,84,0.153,0.847,0.0,0.4019
284,CNN,Wed Jan 10 10:00:59 +0000 2018,"Self-driving cars are cruising the Las Vegas streets this week for #CES2018, and anyone can catch a ride‚Ä¶ https://t.co/nT3wbrTdeW",85,0.0,1.0,0.0,0.0
285,CNN,Wed Jan 10 09:49:57 +0000 2018,Pizza Hut is working on self-driving delivery trucks https://t.co/1VRrJ1gVLo https://t.co/I9QgWxYBDY,86,0.0,1.0,0.0,0.0
286,CNN,Wed Jan 10 09:39:07 +0000 2018,"Facebook is shutting down M, an automated personal assistant once thought to be a text-based answer to services lik‚Ä¶ https://t.co/GXdlWKph7b",87,0.0,1.0,0.0,0.0
287,CNN,Wed Jan 10 09:28:10 +0000 2018,"With the press of a button, LG Display's 65-inch screen rolls up like a yoga mat https://t.co/jBpdFnzvjd https://t.co/v8JpKAkZwV",88,0.143,0.857,0.0,0.3612
288,CNN,Wed Jan 10 09:14:43 +0000 2018,Firefighters conducted mudslide rescues in Southern California after the area was hit with more than 1.5 inches of‚Ä¶ https://t.co/JjuQC366WX,89,0.113,0.887,0.0,0.3182
289,CNN,Wed Jan 10 09:01:02 +0000 2018,"With a net worth of more than $105 billion, Jeff Bezos is now the richest person in history https://t.co/7odjHAuhjU https://t.co/fTWnxiwWOF",90,0.238,0.762,0.0,0.6486
290,CNN,Wed Jan 10 09:00:14 +0000 2018,"North Korea may be sending athletes to the Winter Olympic Games in Pyeongchang. Here's how wrestling, rugby, ping-p‚Ä¶ https://t.co/hSmOypzpbk",91,0.0,1.0,0.0,0.0
291,CNN,Wed Jan 10 09:00:10 +0000 2018,Some members of Congress plan to wear black during President Trump's first State of the Union address in a gesture‚Ä¶ https://t.co/DC8sQJQoIS,92,0.0,1.0,0.0,0.0
292,CNN,Wed Jan 10 08:48:58 +0000 2018,"A burning and smoking iPhone battery forced the evacuation of an Apple store in Zurich, Switzerland‚Ä¶ https://t.co/F271wJkhEm",93,0.0,0.833,0.167,-0.4588
293,CNN,Wed Jan 10 08:41:53 +0000 2018,Most PCs will get slower because of the fix to protect against a major microchip security flaw‚Ä¶ https://t.co/cqZFVKI9pl,94,0.25,0.75,0.0,0.6124
294,CNN,Wed Jan 10 08:31:05 +0000 2018,Most PCs will get slower because of the fix to protect against a major microchip security flaw‚Ä¶ https://t.co/kiV4SbNTzT,95,0.25,0.75,0.0,0.6124
295,CNN,Wed Jan 10 08:24:35 +0000 2018,This futuristic salon lets you preview hair colors virtually https://t.co/3G6Xa4zSKW https://t.co/hu2KxlSrtr,96,0.0,1.0,0.0,0.0
296,CNN,Wed Jan 10 08:14:28 +0000 2018,Israeli Prime Minister Netanyahu defends son after strip club recording airs on Israeli TV https://t.co/DXUykbjliH https://t.co/akjUv43ycU,97,0.0,1.0,0.0,0.0
297,CNN,Wed Jan 10 08:01:04 +0000 2018,"A burning and smoking iPhone battery forced the evacuation of an Apple store in Zurich, Switzerland‚Ä¶ https://t.co/Hran6ziOhk",98,0.0,0.833,0.167,-0.4588
298,CNN,Wed Jan 10 07:54:37 +0000 2018,"Thailand‚Äôs prime minister sets up a cardboard cutout of himself at a press event, tells reporters to direct their q‚Ä¶ https://t.co/XIzxfFZnP0",99,0.0,1.0,0.0,0.0
299,CNN,Wed Jan 10 07:43:37 +0000 2018,These 3 TVs could change how you watch movies https://t.co/4uGtn13AxG https://t.co/f14Bxc59Ui,100,0.0,1.0,0.0,0.0
300,Fox,Wed Jan 10 06:15:52 +0000 2018,"RT @kf: this is peak portland

also lolsob, wonder how the @portland_state CS department feels about this https://t.co/D4ja7Jinn7",1,0.0,1.0,0.0,0.0
301,Fox,Wed Jan 10 04:55:31 +0000 2018,"@MelissaKaulfuss @PranatiVyas haahahahhahahahahaha

oh dear

too good.",2,0.524,0.476,0.0,0.6705
302,Fox,Wed Jan 10 02:04:05 +0000 2018,"What in the living hell is this, @Portland_State? https://t.co/EjMwZxTPmW",3,0.0,0.635,0.365,-0.6808
303,Fox,Wed Jan 10 02:01:21 +0000 2018,"@kf @Portland_State what the fuck

I had mr peter blocked, so that‚Äôs telling too.",4,0.0,0.663,0.337,-0.6808
304,Fox,Wed Jan 10 00:55:37 +0000 2018,RT @msdanifernandez: You cannot call yourself a feminist if you do not believe women simply because they are coming forward about your frie‚Ä¶,5,0.0,1.0,0.0,0.0
305,Fox,Wed Jan 10 00:55:27 +0000 2018,"RT @thalestral: Boys can be feminine
Girls can be feminine
Trans boys can be feminine
Trans girls can be feminine
Trans folk can be feminin‚Ä¶",6,0.0,1.0,0.0,0.0
306,Fox,Wed Jan 10 00:15:18 +0000 2018,RT @EricaJoy: Tech peeps: Be aware that some of your coworkers that don't come from privileged backgrounds are making much more than their‚Ä¶,7,0.0,0.901,0.099,-0.3412
307,Fox,Wed Jan 10 00:12:51 +0000 2018,Organisations and individuals working on inclusion without an understanding of institutional inequality and structu‚Ä¶ https://t.co/6e3ON45BiQ,8,0.0,1.0,0.0,0.0
308,Fox,Tue Jan 09 23:51:09 +0000 2018,@unsplash thank you! ü§ó,9,0.583,0.417,0.0,0.4199
309,Fox,Tue Jan 09 22:38:08 +0000 2018,RT @HonestToddler: How come people who don‚Äôt believe in racism always believe in reverse racism? How does that work? That‚Äôs like believing‚Ä¶,10,0.083,0.632,0.285,-0.7941
310,Fox,Tue Jan 09 22:35:08 +0000 2018,"The tech industry‚Äîbecoming more and more of a sexist parody of itself, every day! https://t.co/6c8KrCRM1K",11,0.0,1.0,0.0,0.0
311,Fox,Tue Jan 09 22:25:18 +0000 2018,"So @intercom released a new book which I‚Äôm going to inhale promptly, but the best thing about it is that they encou‚Ä¶ https://t.co/3CmsTlW8cu",12,0.216,0.784,0.0,0.7783
312,Fox,Tue Jan 09 22:07:14 +0000 2018,RT @AngelaHanks: *chef‚Äôs kiss* https://t.co/E5HCwsoibJ,13,0.0,1.0,0.0,0.0
313,Fox,Tue Jan 09 22:04:40 +0000 2018,Excellent work by wonderful people! https://t.co/5h7GvIaAQx,14,0.658,0.342,0.0,0.8268
314,Fox,Tue Jan 09 20:34:18 +0000 2018,@justkelly_ok ü§ó,15,0.0,1.0,0.0,0.0
315,Fox,Tue Jan 09 12:07:03 +0000 2018,@silvianatoader üëèüèª,16,0.0,1.0,0.0,0.0
316,Fox,Tue Jan 09 12:06:48 +0000 2018,@web_goddess Thank you! üåª,17,0.583,0.417,0.0,0.4199
317,Fox,Tue Jan 09 12:04:48 +0000 2018,"RT @unsplash: Minimal Interior
feat. @fox
https://t.co/wVuQcTKfJS https://t.co/N0LXzFbugy",18,0.0,1.0,0.0,0.0
318,Fox,Tue Jan 09 10:43:14 +0000 2018,RT @sarahmei: Blows my mind that there are still people in the world who don't understand basic stuff like: your intentions don't matter. I‚Ä¶,19,0.098,0.86,0.042,0.3455
319,Fox,Tue Jan 09 08:40:20 +0000 2018,Just a casual first two days on @unsplash. üôà https://t.co/YPf9gwAUvo,20,0.205,0.795,0.0,0.2023
320,Fox,Wed Jan 10 06:15:52 +0000 2018,"RT @kf: this is peak portland

also lolsob, wonder how the @portland_state CS department feels about this https://t.co/D4ja7Jinn7",21,0.0,1.0,0.0,0.0
321,Fox,Wed Jan 10 04:55:31 +0000 2018,"@MelissaKaulfuss @PranatiVyas haahahahhahahahahaha

oh dear

too good.",22,0.524,0.476,0.0,0.6705
322,Fox,Wed Jan 10 02:04:05 +0000 2018,"What in the living hell is this, @Portland_State? https://t.co/EjMwZxTPmW",23,0.0,0.635,0.365,-0.6808
323,Fox,Wed Jan 10 02:01:21 +0000 2018,"@kf @Portland_State what the fuck

I had mr peter blocked, so that‚Äôs telling too.",24,0.0,0.663,0.337,-0.6808
324,Fox,Wed Jan 10 00:55:37 +0000 2018,RT @msdanifernandez: You cannot call yourself a feminist if you do not believe women simply because they are coming forward about your frie‚Ä¶,25,0.0,1.0,0.0,0.0
325,Fox,Wed Jan 10 00:55:27 +0000 2018,"RT @thalestral: Boys can be feminine
Girls can be feminine
Trans boys can be feminine
Trans girls can be feminine
Trans folk can be feminin‚Ä¶",26,0.0,1.0,0.0,0.0
326,Fox,Wed Jan 10 00:15:18 +0000 2018,RT @EricaJoy: Tech peeps: Be aware that some of your coworkers that don't come from privileged backgrounds are making much more than their‚Ä¶,27,0.0,0.901,0.099,-0.3412
327,Fox,Wed Jan 10 00:12:51 +0000 2018,Organisations and individuals working on inclusion without an understanding of institutional inequality and structu‚Ä¶ https://t.co/6e3ON45BiQ,28,0.0,1.0,0.0,0.0
328,Fox,Tue Jan 09 23:51:09 +0000 2018,@unsplash thank you! ü§ó,29,0.583,0.417,0.0,0.4199
329,Fox,Tue Jan 09 22:38:08 +0000 2018,RT @HonestToddler: How come people who don‚Äôt believe in racism always believe in reverse racism? How does that work? That‚Äôs like believing‚Ä¶,30,0.083,0.632,0.285,-0.7941
330,Fox,Tue Jan 09 22:35:08 +0000 2018,"The tech industry‚Äîbecoming more and more of a sexist parody of itself, every day! https://t.co/6c8KrCRM1K",31,0.0,1.0,0.0,0.0
331,Fox,Tue Jan 09 22:25:18 +0000 2018,"So @intercom released a new book which I‚Äôm going to inhale promptly, but the best thing about it is that they encou‚Ä¶ https://t.co/3CmsTlW8cu",32,0.216,0.784,0.0,0.7783
332,Fox,Tue Jan 09 22:07:14 +0000 2018,RT @AngelaHanks: *chef‚Äôs kiss* https://t.co/E5HCwsoibJ,33,0.0,1.0,0.0,0.0
333,Fox,Tue Jan 09 22:04:40 +0000 2018,Excellent work by wonderful people! https://t.co/5h7GvIaAQx,34,0.658,0.342,0.0,0.8268
334,Fox,Tue Jan 09 20:34:18 +0000 2018,@justkelly_ok ü§ó,35,0.0,1.0,0.0,0.0
335,Fox,Tue Jan 09 12:07:03 +0000 2018,@silvianatoader üëèüèª,36,0.0,1.0,0.0,0.0
336,Fox,Tue Jan 09 12:06:48 +0000 2018,@web_goddess Thank you! üåª,37,0.583,0.417,0.0,0.4199
337,Fox,Tue Jan 09 12:04:48 +0000 2018,"RT @unsplash: Minimal Interior
feat. @fox
https://t.co/wVuQcTKfJS https://t.co/N0LXzFbugy",38,0.0,1.0,0.0,0.0
338,Fox,Tue Jan 09 10:43:14 +0000 2018,RT @sarahmei: Blows my mind that there are still people in the world who don't understand basic stuff like: your intentions don't matter. I‚Ä¶,39,0.098,0.86,0.042,0.3455
339,Fox,Tue Jan 09 08:40:20 +0000 2018,Just a casual first two days on @unsplash. üôà https://t.co/YPf9gwAUvo,40,0.205,0.795,0.0,0.2023
340,Fox,Tue Jan 09 02:47:05 +0000 2018,"HAHAHAHAHAHAHAA

discrimination of white males

HAHHAHAHAHAHAHAH

that‚Äôs all I have to say.

https://t.co/TyyEfcSRiU",41,0.0,1.0,0.0,0.0
341,Fox,Tue Jan 09 01:22:49 +0000 2018,"I really dislike that seemingly the only way to catch up with people is coffee or, more predominantly, booze. This‚Ä¶ https://t.co/OWcuqPG6Sm",42,0.0,0.868,0.132,-0.4391
342,Fox,Tue Jan 09 01:12:42 +0000 2018,"@lynnandtonic Never read the comments, especially from white men.",43,0.0,1.0,0.0,0.0
343,Fox,Mon Jan 08 22:00:37 +0000 2018,@ohhoe best headphones I‚Äôve ever owned after actually expensive on-ears. they‚Äôre magical.,44,0.276,0.724,0.0,0.6369
344,Fox,Mon Jan 08 21:49:19 +0000 2018,"Same sex marriage is legal in Australia, which means you have to fix your exclusionary forms. (ht @developerjack)

https://t.co/SCN53u7cEG",45,0.077,0.923,0.0,0.128
345,Fox,Mon Jan 08 21:47:08 +0000 2018,"I‚Äôve spoken at @nordicjs in 2017, and as a fellow organiser, I can easily say it‚Äôs one of the best events out there‚Ä¶ https://t.co/PoI0fSbmZs",46,0.248,0.752,0.0,0.765
346,Fox,Mon Jan 08 11:00:58 +0000 2018,"@mountain_ghosts A bunch of repos on Github and random tweets, mostly.",47,0.0,1.0,0.0,0.0
347,Fox,Mon Jan 08 10:20:35 +0000 2018,"RT @jesslynnrose: Want to share your ideas with the world?

I'm running a free webinar series on public speaking, aimed at getting you on s‚Ä¶",48,0.245,0.755,0.0,0.7003
348,Fox,Mon Jan 08 09:52:20 +0000 2018,"üî•

‚ÄúWhite privilege is an absence of cultural expectations, an absence of violence enacted on your ancestors becaus‚Ä¶ https://t.co/kJKIJNWWHz",49,0.111,0.708,0.181,-0.3818
349,Fox,Mon Jan 08 09:41:04 +0000 2018,"‚ÄúWe placate ourselves with the fallacy of meritocracy by insisting that we just don‚Äôt see race.

To claim to not se‚Ä¶ https://t.co/L54TTWldnG",50,0.071,0.929,0.0,0.1531
350,Fox,Mon Jan 08 07:22:13 +0000 2018,"Squad goals‚ÄîNatalie Portman.

https://t.co/TQH3F728SJ",51,0.0,1.0,0.0,0.0
351,Fox,Mon Jan 08 05:11:05 +0000 2018,"@web_goddess Yep, the cost depends on the amount of tickets. We also have to find people to cover childcare + live‚Ä¶ https://t.co/xVm6lpxQBg",52,0.099,0.901,0.0,0.296
352,Fox,Mon Jan 08 05:08:00 +0000 2018,"‚ÄúFor too long women have not been heard or believed if they dared to speak the truth to power. 

The time of brutal‚Ä¶ https://t.co/Zjh4q1rKZq",53,0.091,0.909,0.0,0.3182
353,Fox,Mon Jan 08 05:04:22 +0000 2018,@butwhoiskat Email is best :) hi at thefox.is.,54,0.545,0.455,0.0,0.802
354,Fox,Sun Jan 07 23:36:57 +0000 2018,@callmevlad What I mean is that organisations don‚Äôt recognise community work as ‚Äúvaluable experience‚Äù outside of re‚Ä¶ https://t.co/1ATdscBocn,55,0.0,1.0,0.0,0.0
355,Fox,Sun Jan 07 23:17:28 +0000 2018,STOP WHITEWASHING DIVERSITY.,56,0.0,0.476,0.524,-0.296
356,Fox,Sun Jan 07 23:17:08 +0000 2018,@MylesBorins congratulations! üéâ,57,0.807,0.193,0.0,0.636
357,Fox,Sun Jan 07 23:15:04 +0000 2018,"What really annoys me is no companies recognising community work while here I am doing product, sales, design, deve‚Ä¶ https://t.co/47OqLDUqux",58,0.0,0.763,0.237,-0.6478
358,Fox,Sun Jan 07 23:06:14 +0000 2018,"@maybekatz no bras, no masters!",59,0.0,0.39,0.61,-0.5707
359,Fox,Sun Jan 07 22:06:10 +0000 2018,"@web_goddess Yep, there‚Äôs nothing here for senior staff. I wouldn‚Äôt look for opportunities in Australia. The pay is‚Ä¶ https://t.co/VD7wDv6qzf",60,0.226,0.708,0.066,0.5267
360,Fox,Sun Jan 07 21:27:38 +0000 2018,"It‚Äôs deeply saddening to see very little to zero commitment to progressing the tech industry, especially from tech giants.",61,0.102,0.745,0.153,-0.2862
361,Fox,Sun Jan 07 21:23:06 +0000 2018,To make it clear: the support for JSConf and CSSConf Australia diversity programs comes from a few smaller Australi‚Ä¶ https://t.co/P4oOemtIJL,62,0.238,0.762,0.0,0.6486
362,Fox,Sun Jan 07 06:04:08 +0000 2018,I‚Äôve spent a little bit of time with my photo backlog today and decided to publish a few selected shots to‚Ä¶ https://t.co/Erhjfvffzs,63,0.0,1.0,0.0,0.0
363,Fox,Sun Jan 07 04:16:20 +0000 2018,"@unsplash üôáüèª‚Äç‚ôÄÔ∏è That makes sense, thank you! 

Probably good idea to add it somewhere to the help section as I coul‚Ä¶ https://t.co/wWyZEK5Lew",64,0.318,0.682,0.0,0.8122
364,Fox,Sun Jan 07 04:10:19 +0000 2018,"RT @LilyEvansMFC: Why some women are ""rude"" or ""cold"" or ""standoffish"" to men in public: a thread",65,0.0,1.0,0.0,0.0
365,Fox,Sun Jan 07 03:59:03 +0000 2018,"RT @veryann0yed: Reasons to hit the gym that aren‚Äôt patriarchal beauty standards:
- outrun the cops
- outlive ur enemies
- more stamina for‚Ä¶",66,0.229,0.655,0.116,0.4754
366,Fox,Sun Jan 07 01:41:59 +0000 2018,"@unsplash üëã are uploads limited in quantity? I can find the limit in the UI, but no help articles.",67,0.163,0.642,0.195,0.0772
367,Fox,Sat Jan 06 22:42:50 +0000 2018,@EmilyGorcenski This reminds me of the best sign I‚Äôve seen at a pharmacy in Australia. Must be in the men‚Äôs section. https://t.co/VdKV6HXbIL,68,0.174,0.826,0.0,0.6369
368,Fox,Sat Jan 06 22:29:07 +0000 2018,Went to see Jungle for the second time yesterday. First row. üòç (iPhone X) https://t.co/wTD2cq8JJQ,69,0.0,1.0,0.0,0.0
369,Fox,Sat Jan 06 22:24:27 +0000 2018,@anubhamane üëèüèª,70,0.0,1.0,0.0,0.0
370,Fox,Sat Jan 06 22:24:22 +0000 2018,"RT @anubhamane: Followong the tips given by @fox , this time I didn't copy but myself wrote code of conduct for an upcoming Python event. T‚Ä¶",71,0.0,1.0,0.0,0.0
371,Fox,Fri Jan 05 23:47:14 +0000 2018,"Finally @jack confirms that ‚Äúworld leaders‚Äù can freely incite violence, harass and abuse on Twitter because no rule‚Ä¶ https://t.co/Vp8OS6igOO",72,0.095,0.458,0.448,-0.8957
372,Fox,Fri Jan 05 21:43:52 +0000 2018,@Shpigford Doesn‚Äôt have cables would probably yield millions too.,73,0.0,1.0,0.0,0.0
373,Fox,Fri Jan 05 21:43:06 +0000 2018,"RT @frameshiftllc: Ask me about giving this talk at your tech company, on how it can implement the Paradox of Tolerance while valuing free‚Ä¶",74,0.246,0.704,0.049,0.6808
374,Fox,Fri Jan 05 21:42:45 +0000 2018,@waferbaby Dan you should know how to Australia properly,75,0.0,1.0,0.0,0.0
375,Fox,Fri Jan 05 21:41:49 +0000 2018,RT @mspowahs: Pictured: the difference between diversity and inclusion https://t.co/7lNrn04mhC,76,0.0,1.0,0.0,0.0
376,Fox,Fri Jan 05 20:34:32 +0000 2018,RT @mspowahs: trans femgineer culture is having to email the organizers of all the WOMEN WHO ______ events to specifically verify trans inc‚Ä¶,77,0.0,1.0,0.0,0.0
377,Fox,Fri Jan 05 20:25:36 +0000 2018,@bitandbang üëãüèª I‚Äôve seen it around. I‚Äôll have a look once be CFP is out. :),78,0.176,0.824,0.0,0.4588
378,Fox,Fri Jan 05 20:24:49 +0000 2018,@lsmith The changes were dropped. I‚Äôm happy with it as I have very supportive patrons. It‚Äôs nice to have some rewar‚Ä¶ https://t.co/aYtblwqCDG,79,0.333,0.667,0.0,0.8399
379,Fox,Fri Jan 05 09:44:04 +0000 2018,@lsmith not yet.,80,0.0,1.0,0.0,0.0
380,Fox,Fri Jan 05 05:56:56 +0000 2018,"@Asher_Wolf do you maybe know any orgs who would help or could you aid in spreading the word to Aussies? üôèüèª 

https://t.co/vbGV6k7BOw",81,0.114,0.886,0.0,0.4019
381,Fox,Fri Jan 05 05:15:16 +0000 2018,"We‚Äôre able to welcome ~25 people at this moment, but would love to extend an invitation to all of the participants.‚Ä¶ https://t.co/exEBivbYdG",82,0.341,0.659,0.0,0.8705
382,Fox,Fri Jan 05 05:09:23 +0000 2018,If you know or run a company in Australia (or anywhere!) that could help us send 62 people from underrepresented gr‚Ä¶ https://t.co/PP59RvFvfR,83,0.13,0.87,0.0,0.4574
383,Fox,Fri Jan 05 05:02:08 +0000 2018,"If you want to have a real impact and lives of underrepresented groups, here‚Äôs a good way to do it. DM or email. (t‚Ä¶ https://t.co/IRKxHrlsFw",84,0.167,0.833,0.0,0.4939
384,Fox,Fri Jan 05 03:17:43 +0000 2018,"Hi friends üëãüèª I‚Äôm looking to give a few talks about web performance, front-end and industry culture/ethics/inclusio‚Ä¶ https://t.co/a4lsrCTiGO",85,0.162,0.838,0.0,0.4767
385,Fox,Fri Jan 05 02:40:13 +0000 2018,"@TrentWalton Ohhh, that‚Äôs really interesting to me! 

That‚Äôs exactly why we‚Äôve built in JavaScript timing metrics i‚Ä¶ https://t.co/zhtFl9mKTy",86,0.162,0.838,0.0,0.5081
386,Fox,Fri Jan 05 02:33:30 +0000 2018,üåç We‚Äôve just released 12 new regions for testing performance in @calibreapp so you can implement a comprehensive pe‚Ä¶ https://t.co/Y9fOukXkix,87,0.105,0.895,0.0,0.25
387,Fox,Fri Jan 05 00:27:18 +0000 2018,"RT @jesslynnrose: Do your resolutions include getting up on stage to share your ideas with the world?

I'm running a series of 4 free webin‚Ä¶",88,0.208,0.792,0.0,0.6705
388,Fox,Fri Jan 05 00:10:05 +0000 2018,"Hey @BelugaCDN, you know it‚Äôs not on to steal copyrighted photography for your marketing, right? Take this down.

https://t.co/iXrSUB6ke1",89,0.127,0.873,0.0,0.3875
389,Fox,Fri Jan 05 00:02:19 +0000 2018,Published an interesting article or a talk about web performance within the last month? Hit me up so I can put it i‚Ä¶ https://t.co/l6sgN6RuKb,90,0.114,0.886,0.0,0.4019
390,Fox,Thu Jan 04 23:26:27 +0000 2018,"RT @compassioncode: What exactly is a compassionate workplace?

There's common ground here, regardless of sector.

Graphic from https://t.c‚Ä¶",91,0.167,0.833,0.0,0.4939
391,Fox,Thu Jan 04 23:01:12 +0000 2018,@sw @mbrianaepler I‚Äôm happy to follow the process. I‚Äôll apply as everyone else does. :),92,0.34,0.66,0.0,0.7717
392,Fox,Thu Jan 04 22:41:04 +0000 2018,@jyhsu It was incredibly liberating to learn that. So many times I get an email with ‚Äúplease give me advice‚Äù or mul‚Ä¶ https://t.co/mqLwAH9ssU,93,0.0,1.0,0.0,0.0
393,Fox,Thu Jan 04 22:34:20 +0000 2018,"RT @selfwchronicles: It's easy to feel like we owe everyone around us something, truth is, we don't. Turn that ROI back to you! üôã And for y‚Ä¶",94,0.258,0.742,0.0,0.7901
394,Fox,Thu Jan 04 22:24:24 +0000 2018,"RT @justkelly_ok: If you're a woman in crisis, don't use PayPal to solicit donations to help. They aren't letting me access the money in my‚Ä¶",95,0.094,0.764,0.142,-0.34
395,Fox,Thu Jan 04 21:54:43 +0000 2018,@mbrianaepler Thank you for the link! I had no idea you were even looking for speakers. I‚Äôve been doing D&amp;I for a w‚Ä¶ https://t.co/8CQcSP0Jhx,96,0.112,0.8,0.088,0.1511
396,Fox,Thu Jan 04 21:53:35 +0000 2018,"@mbrianaepler Hey, I‚Äôve had a look at previous lineups and they look good! It‚Äôs just that the event is very soon an‚Ä¶ https://t.co/CVj9PmIXWE",97,0.132,0.868,0.0,0.4926
397,Fox,Thu Jan 04 15:08:58 +0000 2018,"ICYMI: I‚Äôve written my #2018Liberation list. 

To a lot of thankless emotional, professional labour at the expense‚Ä¶ https://t.co/yUic9Auf6W",98,0.091,0.909,0.0,0.1531
398,Fox,Thu Jan 04 09:33:58 +0000 2018,"One of the best thing ever is having a network of supportive, completely amazing women and other URMs around you.

üíï",99,0.396,0.604,0.0,0.8883
399,Fox,Thu Jan 04 09:31:57 +0000 2018,"@catehstn I was very angry writing this, but I guess now I feel better.

ü§∑üèª‚Äç‚ôÄÔ∏è‚ù£Ô∏è",100,0.238,0.619,0.142,0.3723
400,nytimes,Wed Jan 10 19:53:03 +0000 2018,President Trump repeated a pledge to change the nation's libel laws to make it easier for people to sue news organi‚Ä¶ https://t.co/i48ow3N1sn,1,0.123,0.877,0.0,0.4215
401,nytimes,Wed Jan 10 19:43:06 +0000 2018,"In declaring war against Hamas, ISIS's Sinai branch has surrounded itself with enemies https://t.co/Ys6KoRIwwa",2,0.0,0.628,0.372,-0.7964
402,nytimes,Wed Jan 10 19:33:04 +0000 2018,RT @nytvideo: ‚ÄúHe believed he was acting within the guidelines of the law. I believed in giving him the agency the Chinese government and s‚Ä¶,3,0.094,0.906,0.0,0.34
403,nytimes,Wed Jan 10 19:23:05 +0000 2018,Russia‚Äôs interference in the U.S. election fits into a nearly 2-decade pattern of meddling with governments around‚Ä¶ https://t.co/fenW0Cs419,4,0.0,1.0,0.0,0.0
404,nytimes,Wed Jan 10 19:13:05 +0000 2018,"For 14 years, a Brooklyn bodega owner has quietly been housing homeless men in his store's basement. ""They don't ha‚Ä¶ https://t.co/Zb6cD1PSQf",5,0.0,1.0,0.0,0.0
405,nytimes,Wed Jan 10 19:10:01 +0000 2018,"""Rated PG for contribution to the public good. Also references to earwax."" https://t.co/rsqPxc77Ix",6,0.195,0.805,0.0,0.4404
406,nytimes,Wed Jan 10 19:03:05 +0000 2018,"They were stuck at the foot of the Matterhorn, Switzerland‚Äôs most famously photogenic mountain. ""This was not a dis‚Ä¶ https://t.co/FzWAuGsmoc",7,0.0,0.9,0.1,-0.25
407,nytimes,Wed Jan 10 18:53:05 +0000 2018,"An exiled Chinese billionaire has exposed a phenomenal web of corruption in China‚Äôs ruling elite ‚Äî if, that is, he‚Äô‚Ä¶ https://t.co/dWhKwt81TN",8,0.0,0.933,0.067,-0.0772
408,nytimes,Wed Jan 10 18:49:08 +0000 2018,"Anna Mae Hays, who was named the U.S. military's first female general after she served in 3 wars, died on Monday. S‚Ä¶ https://t.co/bmPSYUlzyU",9,0.0,0.735,0.265,-0.802
409,nytimes,Wed Jan 10 18:43:05 +0000 2018,"Rose McGowan on her new reality TV show: ""I wanted really to be like Gertrude Stein and have a conversation with th‚Ä¶ https://t.co/1649qfzWP4",10,0.116,0.884,0.0,0.4144
410,nytimes,Wed Jan 10 18:33:03 +0000 2018,Many preschool teachers live on the edge of financial ruin https://t.co/eu2FJfoPkz,11,0.0,0.725,0.275,-0.5859
411,nytimes,Wed Jan 10 18:13:03 +0000 2018,"Short on space in detention centers, Spain sent about 500 Algerian migrants to prison https://t.co/0BJcATVK9n",12,0.0,0.691,0.309,-0.7003
412,nytimes,Wed Jan 10 18:09:16 +0000 2018,"RT @nytopinion: When Buzzfeed decided to publish the Steele dossier on Trump and Russia, NBC‚Äôs Chuck Todd told me on air: ‚ÄúYou just publish‚Ä¶",13,0.0,1.0,0.0,0.0
413,nytimes,Wed Jan 10 18:04:12 +0000 2018,"Darrell Issa, a California Republican, won't seek re-election to the House. His retirement adds fuel to talk of a D‚Ä¶ https://t.co/2GjmY6a4Af",14,0.0,1.0,0.0,0.0
414,nytimes,Wed Jan 10 18:03:06 +0000 2018,"Male sea turtles are disappearing from Australia‚Äôs Great Barrier Reef, a new study suggests https://t.co/ICAjMQ9ori",15,0.233,0.682,0.085,0.5574
415,nytimes,Wed Jan 10 17:53:07 +0000 2018,The Supreme Court appeared deeply divided over whether Ohio may kick people off its voting rolls if they skip a few‚Ä¶ https://t.co/naskLOy5yZ,16,0.153,0.847,0.0,0.5574
416,nytimes,Wed Jan 10 17:43:04 +0000 2018,These Fake News Jeans are real. Our fashion critic says none of this is going away any time soon. https://t.co/XLxPqRGhlY,17,0.0,0.776,0.224,-0.6369
417,nytimes,Wed Jan 10 17:40:21 +0000 2018,Curious about the new products being unveiled at CES and how they will affect your personal technology? @bxchen is‚Ä¶ https://t.co/rY9cGr42HG,18,0.108,0.892,0.0,0.3182
418,nytimes,Wed Jan 10 17:33:05 +0000 2018,"The latest on the Southern California mudslides:
‚Ä¢ At least 15 killed
‚Ä¢ More than 2 dozen injured
‚Ä¢ 2 dozen people‚Ä¶ https://t.co/7xxKanwRSL",19,0.0,0.682,0.318,-0.8158
419,nytimes,Wed Jan 10 17:13:01 +0000 2018,"RT @nytimesworld: Microbeads are now banned in the U.K. What are they, and what's the problem with them? https://t.co/CyFGLQeUWo",20,0.0,0.749,0.251,-0.6908
420,nytimes,Wed Jan 10 19:53:03 +0000 2018,President Trump repeated a pledge to change the nation's libel laws to make it easier for people to sue news organi‚Ä¶ https://t.co/i48ow3N1sn,21,0.123,0.877,0.0,0.4215
421,nytimes,Wed Jan 10 19:43:06 +0000 2018,"In declaring war against Hamas, ISIS's Sinai branch has surrounded itself with enemies https://t.co/Ys6KoRIwwa",22,0.0,0.628,0.372,-0.7964
422,nytimes,Wed Jan 10 19:33:04 +0000 2018,RT @nytvideo: ‚ÄúHe believed he was acting within the guidelines of the law. I believed in giving him the agency the Chinese government and s‚Ä¶,23,0.094,0.906,0.0,0.34
423,nytimes,Wed Jan 10 19:23:05 +0000 2018,Russia‚Äôs interference in the U.S. election fits into a nearly 2-decade pattern of meddling with governments around‚Ä¶ https://t.co/fenW0Cs419,24,0.0,1.0,0.0,0.0
424,nytimes,Wed Jan 10 19:13:05 +0000 2018,"For 14 years, a Brooklyn bodega owner has quietly been housing homeless men in his store's basement. ""They don't ha‚Ä¶ https://t.co/Zb6cD1PSQf",25,0.0,1.0,0.0,0.0
425,nytimes,Wed Jan 10 19:10:01 +0000 2018,"""Rated PG for contribution to the public good. Also references to earwax."" https://t.co/rsqPxc77Ix",26,0.195,0.805,0.0,0.4404
426,nytimes,Wed Jan 10 19:03:05 +0000 2018,"They were stuck at the foot of the Matterhorn, Switzerland‚Äôs most famously photogenic mountain. ""This was not a dis‚Ä¶ https://t.co/FzWAuGsmoc",27,0.0,0.9,0.1,-0.25
427,nytimes,Wed Jan 10 18:53:05 +0000 2018,"An exiled Chinese billionaire has exposed a phenomenal web of corruption in China‚Äôs ruling elite ‚Äî if, that is, he‚Äô‚Ä¶ https://t.co/dWhKwt81TN",28,0.0,0.933,0.067,-0.0772
428,nytimes,Wed Jan 10 18:49:08 +0000 2018,"Anna Mae Hays, who was named the U.S. military's first female general after she served in 3 wars, died on Monday. S‚Ä¶ https://t.co/bmPSYUlzyU",29,0.0,0.735,0.265,-0.802
429,nytimes,Wed Jan 10 18:43:05 +0000 2018,"Rose McGowan on her new reality TV show: ""I wanted really to be like Gertrude Stein and have a conversation with th‚Ä¶ https://t.co/1649qfzWP4",30,0.116,0.884,0.0,0.4144
430,nytimes,Wed Jan 10 18:33:03 +0000 2018,Many preschool teachers live on the edge of financial ruin https://t.co/eu2FJfoPkz,31,0.0,0.725,0.275,-0.5859
431,nytimes,Wed Jan 10 18:13:03 +0000 2018,"Short on space in detention centers, Spain sent about 500 Algerian migrants to prison https://t.co/0BJcATVK9n",32,0.0,0.691,0.309,-0.7003
432,nytimes,Wed Jan 10 18:09:16 +0000 2018,"RT @nytopinion: When Buzzfeed decided to publish the Steele dossier on Trump and Russia, NBC‚Äôs Chuck Todd told me on air: ‚ÄúYou just publish‚Ä¶",33,0.0,1.0,0.0,0.0
433,nytimes,Wed Jan 10 18:04:12 +0000 2018,"Darrell Issa, a California Republican, won't seek re-election to the House. His retirement adds fuel to talk of a D‚Ä¶ https://t.co/2GjmY6a4Af",34,0.0,1.0,0.0,0.0
434,nytimes,Wed Jan 10 18:03:06 +0000 2018,"Male sea turtles are disappearing from Australia‚Äôs Great Barrier Reef, a new study suggests https://t.co/ICAjMQ9ori",35,0.233,0.682,0.085,0.5574
435,nytimes,Wed Jan 10 17:53:07 +0000 2018,The Supreme Court appeared deeply divided over whether Ohio may kick people off its voting rolls if they skip a few‚Ä¶ https://t.co/naskLOy5yZ,36,0.153,0.847,0.0,0.5574
436,nytimes,Wed Jan 10 17:43:04 +0000 2018,These Fake News Jeans are real. Our fashion critic says none of this is going away any time soon. https://t.co/XLxPqRGhlY,37,0.0,0.776,0.224,-0.6369
437,nytimes,Wed Jan 10 17:40:21 +0000 2018,Curious about the new products being unveiled at CES and how they will affect your personal technology? @bxchen is‚Ä¶ https://t.co/rY9cGr42HG,38,0.108,0.892,0.0,0.3182
438,nytimes,Wed Jan 10 17:33:05 +0000 2018,"The latest on the Southern California mudslides:
‚Ä¢ At least 15 killed
‚Ä¢ More than 2 dozen injured
‚Ä¢ 2 dozen people‚Ä¶ https://t.co/7xxKanwRSL",39,0.0,0.682,0.318,-0.8158
439,nytimes,Wed Jan 10 17:13:01 +0000 2018,"RT @nytimesworld: Microbeads are now banned in the U.K. What are they, and what's the problem with them? https://t.co/CyFGLQeUWo",40,0.0,0.749,0.251,-0.6908
440,nytimes,Wed Jan 10 17:08:58 +0000 2018,"This year, @nytimestravel is sending someone to each and every place. Meet @jadabird. https://t.co/GgUzrJSDdY",41,0.0,1.0,0.0,0.0
441,nytimes,Wed Jan 10 17:03:06 +0000 2018,52 Places to Go in 2018 https://t.co/dvdtJsxfPv,42,0.0,1.0,0.0,0.0
442,nytimes,Wed Jan 10 16:53:02 +0000 2018,Another search has begun for Malaysia Airlines Flight 370. A U.S. company could be paid as much as $70 million if i‚Ä¶ https://t.co/zofYIIl5mr,43,0.0,1.0,0.0,0.0
443,nytimes,Wed Jan 10 16:43:05 +0000 2018,The IRS paid $20 million to private debt collectors. The program only brought in $6.7 million in back taxes. https://t.co/WhFylqWwp8,44,0.0,0.884,0.116,-0.3612
444,nytimes,Wed Jan 10 16:33:06 +0000 2018,"RT @aliciaparlap: Some charts on who benefits from the DACA program:

https://t.co/JWHz6nwuEI",45,0.191,0.809,0.0,0.3818
445,nytimes,Wed Jan 10 16:22:02 +0000 2018,"""The West Wing"" met ""The Apprentice"" on Tuesday when President Trump presided over an extraordinary meeting on immi‚Ä¶ https://t.co/GVgUV5Lkht",46,0.0,1.0,0.0,0.0
446,nytimes,Wed Jan 10 16:14:05 +0000 2018,"RT @nytopinion: ""I have not worked for him again, and I will not work for him again"" ‚Äî Greta Gerwig, on Woody Allen https://t.co/hUu0Wod3yt",47,0.0,1.0,0.0,0.0
447,nytimes,Wed Jan 10 16:05:05 +0000 2018,Chris Christie gave his final State of the State address. He spun a rosy tale that was seemingly at odds with his c‚Ä¶ https://t.co/kaD6bTQs1L,48,0.0,1.0,0.0,0.0
448,nytimes,Wed Jan 10 15:59:30 +0000 2018,"RT @nytpolitics: Sarah Huckabee Sanders, the White House press secretary, called a federal judge's order forcing the administration to rest‚Ä¶",49,0.0,1.0,0.0,0.0
449,nytimes,Wed Jan 10 15:55:07 +0000 2018,"A gym chain is banning CNN, Fox News and MSNBC from its TVs. They say it's for your health. https://t.co/TCNZJrqZvx",50,0.0,1.0,0.0,0.0
450,nytimes,Wed Jan 10 15:44:04 +0000 2018,"RT @taffyakner: Tonya Harding did not enjoy your recent feminist think piece about her. My, Tonya profile is up now @nytimesarts: https://t‚Ä¶",51,0.0,0.889,0.111,-0.3875
451,nytimes,Wed Jan 10 15:33:05 +0000 2018,RT @SarahMaslinNir: Beneath the shelves of canned beans and rolls of toilet paper in a Brooklyn bodega I found a secret: a cave of homeless‚Ä¶,52,0.0,1.0,0.0,0.0
452,nytimes,Wed Jan 10 15:23:10 +0000 2018,"""Trump made clear once again that the details of governance do not really matter to him as much as success, telling‚Ä¶ https://t.co/pKjELRJkpR",53,0.237,0.715,0.049,0.7192
453,nytimes,Wed Jan 10 15:11:05 +0000 2018,RT @NYTNational: The authorities in Southern California are working to rescue residents after heavy rain unleashed debris and mud in the Mo‚Ä¶,54,0.136,0.864,0.0,0.5106
454,nytimes,Wed Jan 10 15:00:36 +0000 2018,Morning¬†Briefing: Here's what you need to know to start your day https://t.co/LwNtoE3LBG https://t.co/31erPMG6em,55,0.0,1.0,0.0,0.0
455,nytimes,Wed Jan 10 14:50:09 +0000 2018,"Considered impure because she was menstruating, she was about to sleep outside in a cold hut. She never woke up. https://t.co/AkPIk3h4ja",56,0.0,1.0,0.0,0.0
456,nytimes,Wed Jan 10 14:41:00 +0000 2018,"RT @nytvideo: Watch: About 800,000 young undocumented immigrants are protected under DACA. In September, we spoke with a few of them. https‚Ä¶",57,0.127,0.873,0.0,0.4404
457,nytimes,Wed Jan 10 14:30:10 +0000 2018,"From a penthouse on Central Park, Guo Wengui has exposed a phenomenal web of corruption in China's ruling elite ‚Äî i‚Ä¶ https://t.co/9lq3queA5m",58,0.0,0.933,0.067,-0.0772
458,nytimes,Wed Jan 10 14:20:05 +0000 2018,"""Insistent or clumsy flirting is not a crime, nor is gallantry a chauvinist aggression."" Catherine Deneuve and doze‚Ä¶ https://t.co/JvOwFYhMga",59,0.216,0.649,0.136,0.1842
459,nytimes,Wed Jan 10 14:11:03 +0000 2018,"""The second I pressed the shutter release, I knew which of my pictures could not be published"" https://t.co/eejMfmwO0P  [corrected typo]",60,0.0,1.0,0.0,0.0
460,nytimes,Wed Jan 10 14:00:44 +0000 2018,"Tonya Harding: ""I was a liar to everybody but still, 23 years later, finally everybody can just eat crow. That's wh‚Ä¶ https://t.co/GkFykzJBcg",61,0.0,0.903,0.097,-0.2846
461,nytimes,Wed Jan 10 13:50:08 +0000 2018,"North Carolina's congressional map was ruled unconstitutional by federal judges, who said Republicans who drew it h‚Ä¶ https://t.co/ZbN3Qm8wIL",62,0.0,1.0,0.0,0.0
462,nytimes,Wed Jan 10 13:40:04 +0000 2018,The number of migrants trying to enter the U.S. has surged in recent months https://t.co/5qh72INaF5,63,0.085,0.915,0.0,0.0772
463,nytimes,Wed Jan 10 13:30:21 +0000 2018,It started out as a runny nose and a cough ‚Äî typical cold symptoms. Then things took a turn for the worse. https://t.co/5rjciqtlKl,64,0.0,0.853,0.147,-0.4767
464,nytimes,Wed Jan 10 13:20:09 +0000 2018,Iryna Nozdrovska fought a corrupt court to put her sister‚Äôs killer behind bars. She was stabbed to death after winn‚Ä¶ https://t.co/Ag4A4fEmqX,65,0.0,0.544,0.456,-0.9246
465,nytimes,Wed Jan 10 13:11:04 +0000 2018,"The head of the largest coal mining company in the U.S. wrote a lengthy ""action plan"" last year for President Trump‚Ä¶ https://t.co/zlNipUXWtU",66,0.0,1.0,0.0,0.0
466,nytimes,Wed Jan 10 13:00:27 +0000 2018,Morning¬†Briefing: Here's what you need to know to start your day https://t.co/mvf17lnLZa https://t.co/C1Tx0mhUZQ,67,0.0,1.0,0.0,0.0
467,nytimes,Wed Jan 10 12:51:07 +0000 2018,"President Trump's longtime lawyer sues @BuzzFeed and Fusion GPS, the firm behind the Russia dossier https://t.co/62xstn40kR",68,0.0,1.0,0.0,0.0
468,nytimes,Wed Jan 10 12:40:08 +0000 2018,Russia‚Äôs interference in the U.S. election fits into a nearly two-decade pattern of meddling with governments aroun‚Ä¶ https://t.co/iip4vMrwo3,69,0.0,1.0,0.0,0.0
469,nytimes,Wed Jan 10 12:30:08 +0000 2018,The government of Wales has a question for parents: Is it ever right to physically punish your children? https://t.co/7eTwmsGhYv,70,0.0,0.833,0.167,-0.5267
470,nytimes,Wed Jan 10 12:21:06 +0000 2018,"Dianne Feinstein released the transcript of the Judiciary Committee's interview with Fusion GPS, the firm that crea‚Ä¶ https://t.co/7d3JyWJD1F",71,0.0,1.0,0.0,0.0
471,nytimes,Wed Jan 10 12:10:12 +0000 2018,What does Carter Page know? https://t.co/8QSiDAkBBl,72,0.0,1.0,0.0,0.0
472,nytimes,Wed Jan 10 12:00:09 +0000 2018,"Tonya Harding: ""I've had rats thrown into my mailboxes, [expletive] left on my door, left in my mailbox, all over m‚Ä¶ https://t.co/OCoRyDbjXn",73,0.0,1.0,0.0,0.0
473,nytimes,Wed Jan 10 11:45:13 +0000 2018,James Franco denied sexual misconduct accusations in an interview with Stephen Colbert https://t.co/MLKNiZowY2,74,0.0,0.679,0.321,-0.6369
474,nytimes,Wed Jan 10 11:30:07 +0000 2018,Morning¬†Briefing: Here's what you need to know to start your day https://t.co/icusd9Y61a https://t.co/AcIh8287jC,75,0.0,1.0,0.0,0.0
475,nytimes,Wed Jan 10 11:14:04 +0000 2018,"Rumors are that a classified SpaceX mission code-named ""Zuma"" failed to deploy in orbit and is now lost. What happe‚Ä¶ https://t.co/zhxyZvk9wn",76,0.0,0.763,0.237,-0.6808
476,nytimes,Wed Jan 10 11:00:21 +0000 2018,Two Reuters reporters who had been investigating the existence of a mass grave in Myanmar could face up to 14 years‚Ä¶ https://t.co/Fe3aFxKpt5,77,0.0,0.885,0.115,-0.3818
477,nytimes,Wed Jan 10 10:45:01 +0000 2018,"""I am giving a lot of credit to President Trump,"" President Moon Jae-in of South Korea said. ""I am expressing my gr‚Ä¶ https://t.co/ulx59oVlOb",78,0.2,0.8,0.0,0.6124
478,nytimes,Wed Jan 10 10:31:03 +0000 2018,The White House has not disclosed the names and specialties of the medical professionals who will be evaluating Pre‚Ä¶ https://t.co/3czFWVyO1y,79,0.0,1.0,0.0,0.0
479,nytimes,Wed Jan 10 10:00:07 +0000 2018,Why the UK has banned microbeads https://t.co/abVEj4VBNA,80,0.0,0.667,0.333,-0.4588
480,nytimes,Wed Jan 10 09:46:04 +0000 2018,"RT @nytimesworld: A day after reaching deals with North Korea, South Korea's leader warns of more sanctions if the North misbehaves https:/‚Ä¶",81,0.076,0.756,0.168,-0.296
481,nytimes,Wed Jan 10 09:31:03 +0000 2018,"President Trump's longtime lawyer sues @BuzzFeed and Fusion GPS, the firm behind the Russia dossier https://t.co/E7c6nPIr1h",82,0.0,1.0,0.0,0.0
482,nytimes,Wed Jan 10 09:14:03 +0000 2018,"RT @nytimesworld: When Afghan men face women in powerful positions: ‚ÄúThey get confused, totally confused. They try to fit this individual i‚Ä¶",83,0.19,0.645,0.165,0.1779
483,nytimes,Wed Jan 10 08:59:08 +0000 2018,"President Trump‚Äôs lawyer sues BuzzFeed and Fusion GPS, the firm behind a salacious dossier that purported to lay ou‚Ä¶ https://t.co/EDrKz6P0DA",84,0.0,1.0,0.0,0.0
484,nytimes,Wed Jan 10 08:50:04 +0000 2018,RT @nytimesworld: Huawei's new phone was supposed to show Americans what Chinese technology can do. But it has lost a powerful backer there‚Ä¶,85,0.112,0.797,0.092,0.128
485,nytimes,Wed Jan 10 08:35:07 +0000 2018,"The Trump administration's decision to cancel a program that gave Salvadorans temporary status ""has a negative impa‚Ä¶ https://t.co/XGz7lq0GM7",86,0.0,0.711,0.289,-0.6908
486,nytimes,Wed Jan 10 08:20:03 +0000 2018,2 Reuters reporters had been investigating the existence of a mass grave in Myanmar amid what UN said was an ethnic‚Ä¶ https://t.co/PjhDPqFqZk,87,0.0,0.88,0.12,-0.3818
487,nytimes,Wed Jan 10 08:05:04 +0000 2018,"At the Morgan Library in New York, scientists are attempting to read an ancient parchment ‚Äî with a CT scanner https://t.co/qLlCmDuksg",88,0.0,1.0,0.0,0.0
488,nytimes,Wed Jan 10 07:47:07 +0000 2018,Iran‚Äôs supreme leader said President Trump ‚Äúseems to be a very unstable man‚Äù and blamed the U.S. for instigating re‚Ä¶ https://t.co/hl1LkigKn4,89,0.136,0.642,0.222,-0.3167
489,nytimes,Wed Jan 10 07:34:36 +0000 2018,Young women in the Afghan government are struggling against a culture in which men are not used to the idea of wome‚Ä¶ https://t.co/ZIM90qmQfF,90,0.0,0.882,0.118,-0.4215
490,nytimes,Wed Jan 10 07:17:30 +0000 2018,"""The West Wing"" met ""The Apprentice"" on Tuesday when President Trump presided over an extraordinary meeting on immi‚Ä¶ https://t.co/9z5gOq1yOF",91,0.0,1.0,0.0,0.0
491,nytimes,Wed Jan 10 07:02:03 +0000 2018,"RT @nytimesworld: ‚ÄùI am giving a lot of credit to President Trump,‚Äù the South Korean leader said following agreements with North Korea http‚Ä¶",92,0.272,0.728,0.0,0.7269
492,nytimes,Wed Jan 10 06:50:31 +0000 2018,"Ordered the wrong ""Fire and Fury"" book? You may want to read it anyway, its Canadian author said, because it will b‚Ä¶ https://t.co/f9sTCclClB",93,0.044,0.644,0.312,-0.836
493,nytimes,Wed Jan 10 06:32:06 +0000 2018,"From @nytopinion: I deserve to make decisions about my body, and I deserve a health care system that doesn‚Äôt consid‚Ä¶ https://t.co/U5F6a93b0i",94,0.158,0.842,0.0,0.4939
494,nytimes,Wed Jan 10 06:17:05 +0000 2018,"RT @nytimesworld: When Afghan men face women in powerful positions: ‚ÄúThey get confused, totally confused. They try to fit this individual i‚Ä¶",95,0.19,0.645,0.165,0.1779
495,nytimes,Wed Jan 10 06:02:05 +0000 2018,"Do you have a revealing story, photo or video for our Australia Diary? Email nytaustralia@nytimes.com https://t.co/sYIP3sT6tx",96,0.0,1.0,0.0,0.0
496,nytimes,Wed Jan 10 05:47:09 +0000 2018,The North Carolina ruling was the first time a federal court blocked a congressional map because of a partisan gerr‚Ä¶ https://t.co/vUHKPd3wUP,97,0.0,0.89,0.11,-0.2732
497,nytimes,Wed Jan 10 05:32:04 +0000 2018,"‚ÄúIncredible, unbelievable, magical, sensational‚Äù: Snowfall in the Sahara creates a landscape of frozen beauty https://t.co/lc4kMJnAKn",98,0.412,0.588,0.0,0.7717
498,nytimes,Wed Jan 10 05:17:04 +0000 2018,"Dragged down by Trump's low approval ratings, more than 2 dozen Republicans in Congress will retire rather than fac‚Ä¶ https://t.co/Knr9KYXo7g",99,0.138,0.714,0.147,0.2023
499,nytimes,Wed Jan 10 05:02:05 +0000 2018,‚ÄúThis is a significant windfall for these entities. It‚Äôs entirely appropriate for that savings to be passed on to r‚Ä¶ https://t.co/6Vs05t2xSX,100,0.087,0.913,0.0,0.2023
